[{"model": "recipes.tag", "pk": 1, "fields": {"title": "Завтрак", "slug": "breakfast", "checkbox_style": "orange"}}, {"model": "recipes.tag", "pk": 2, "fields": {"title": "Обед", "slug": "lunch", "checkbox_style": "green"}}, {"model": "recipes.tag", "pk": 3, "fields": {"title": "Ужин", "slug": "dinner", "checkbox_style": "purple"}}, {"model": "recipes.ingredient", "pk": 1, "fields": {"title": "абрикосовое варенье", "unit": "г"}}, {"model": "recipes.ingredient", "pk": 2, "fields": {"title": "абрикосовое пюре", "unit": "г"}}, {"model": "recipes.ingredient", "pk": 3, "fields": {"title": "абрикосовый джем", "unit": "г"}}, {"model": "recipes.ingredient", "pk": 4, "fields": {"title": "абрикосовый сок", "unit": "стакан"}}, {"model": "recipes.ingredient", "pk": 5, "fields": {"title": "абрикосы", "unit": "г"}}, {"model": "recipes.ingredient", "pk": 6, "fields": {"title": "абрикосы консервированные", "unit": "г"}}, {"model": "recipes.ingredient", "pk": 7, "fields": {"title": "авокадо", "unit": "по вкусу"}}, {"model": "recipes.ingredient", "pk": 8, "fields": {"title": "агава сироп", "unit": "г"}}, {"model": "recipes.ingredient", "pk": 9, "fields": {"title": "агар-агар", "unit": "г"}}, {"model": "recipes.ingredient", "pk": 10, "fields": {"title": "аграм", "unit": "г"}}, {"model": "recipes.ingredient", "pk": 11, "fields": {"title": "аджика", "unit": "г"}}, {"model": "recipes.ingredient", "pk": 12, "fields": {"title": "аджика зеленая", "unit": "г"}}, {"model": "recipes.ingredient", "pk": 13, "fields": {"title": "айва", "unit": "по вкусу"}}, {"model": "recipes.ingredient", "pk": 14, "fields": {"title": "айвовое пюре", "unit": "г"}}, {"model": "recipes.ingredient", "pk": 15, "fields": {"title": "айран", "unit": "г"}}, {"model": "recipes.ingredient", "pk": 16, "fields": {"title": "айсинг", "unit": "г"}}, {"model": "recipes.ingredient", "pk": 17, "fields": {"title": "акула стейки", "unit": "г"}}, {"model": "recipes.ingredient", "pk": 18, "fields": {"title": "алкоголь", "unit": "стакан"}}, {"model": "recipes.ingredient", "pk": 19, "fields": {"title": "алкоголь крепкий", "unit": "ст. л."}}, {"model": "recipes.ingredient", "pk": 20, "fields": {"title": "алыча", "unit": "г"}}, {"model": "recipes.ingredient", "pk": 21, "fields": {"title": "альбухара", "unit": "шт."}}, {"model": "recipes.ingredient", "pk": 22, "fields": {"title": "альмехи", "unit": "г"}}, {"model": "recipes.ingredient", "pk": 23, "fields": {"title": "амарантовая мука", "unit": "г"}}, {"model": "recipes.ingredient", "pk": 24, "fields": {"title": "ананасовый сироп", "unit": "г"}}, {"model": "recipes.ingredient", "pk": 25, "fields": {"title": "ананасовый сок", "unit": "г"}}, {"model": "recipes.ingredient", "pk": 26, "fields": {"title": "ананасы", "unit": "г"}}, {"model": "recipes.ingredient", "pk": 27, "fields": {"title": "ананасы вяленые", "unit": "г"}}, {"model": "recipes.ingredient", "pk": 28, "fields": {"title": "ананасы консервированные", "unit": "по вкусу"}}, {"model": "recipes.ingredient", "pk": 29, "fields": {"title": "анис", "unit": "по вкусу"}}, {"model": "recipes.ingredient", "pk": 30, "fields": {"title": "анис звездочки", "unit": "г"}}, {"model": "recipes.ingredient", "pk": 31, "fields": {"title": "анисовый ликер", "unit": "мл"}}, {"model": "recipes.ingredient", "pk": 32, "fields": {"title": "анис семена", "unit": "г"}}, {"model": "recipes.ingredient", "pk": 33, "fields": {"title": "анчоусы", "unit": "г"}}, {"model": "recipes.ingredient", "pk": 34, "fields": {"title": "апельсиновая вода", "unit": "г"}}, {"model": "recipes.ingredient", "pk": 35, "fields": {"title": "апельсиновая цедра", "unit": "г"}}, {"model": "recipes.ingredient", "pk": 36, "fields": {"title": "апельсиновая эссенция", "unit": "ч. л."}}, {"model": "recipes.ingredient", "pk": 37, "fields": {"title": "апельсиновое варенье", "unit": "г"}}, {"model": "recipes.ingredient", "pk": 38, "fields": {"title": "апельсиновые цукаты", "unit": "г"}}, {"model": "recipes.ingredient", "pk": 39, "fields": {"title": "апельсиновый джем", "unit": "г"}}, {"model": "recipes.ingredient", "pk": 40, "fields": {"title": "апельсиновый джем с имбирем", "unit": "г"}}, {"model": "recipes.ingredient", "pk": 41, "fields": {"title": "апельсиновый ликер", "unit": "г"}}, {"model": "recipes.ingredient", "pk": 42, "fields": {"title": "апельсиновый сироп", "unit": "стакан"}}, {"model": "recipes.ingredient", "pk": 43, "fields": {"title": "апельсиновый сок", "unit": "по вкусу"}}, {"model": "recipes.ingredient", "pk": 44, "fields": {"title": "апельсиновый сок свежевыжатый", "unit": "г"}}, {"model": "recipes.ingredient", "pk": 45, "fields": {"title": "апельсиновый уксус", "unit": "ст. л."}}, {"model": "recipes.ingredient", "pk": 46, "fields": {"title": "апельсиновый экстракт", "unit": "ч. л."}}, {"model": "recipes.ingredient", "pk": 47, "fields": {"title": "апельсины", "unit": "г"}}, {"model": "recipes.ingredient", "pk": 48, "fields": {"title": "апельсины красные", "unit": "шт."}}, {"model": "recipes.ingredient", "pk": 49, "fields": {"title": "апельсины крупные", "unit": "шт."}}, {"model": "recipes.ingredient", "pk": 50, "fields": {"title": "арахис", "unit": "г"}}, {"model": "recipes.ingredient", "pk": 51, "fields": {"title": "арахис жареный", "unit": "г"}}, {"model": "recipes.ingredient", "pk": 52, "fields": {"title": "арахисовая паста", "unit": "г"}}, {"model": "recipes.ingredient", "pk": 53, "fields": {"title": "арахисовое масло", "unit": "г"}}, {"model": "recipes.ingredient", "pk": 54, "fields": {"title": "арахис соленый", "unit": "г"}}, {"model": "recipes.ingredient", "pk": 55, "fields": {"title": "арбузная мякоть", "unit": "г"}}, {"model": "recipes.ingredient", "pk": 56, "fields": {"title": "арбузы", "unit": "г"}}, {"model": "recipes.ingredient", "pk": 57, "fields": {"title": "аргановое масло", "unit": "г"}}, {"model": "recipes.ingredient", "pk": 58, "fields": {"title": "аришта", "unit": "г"}}, {"model": "recipes.ingredient", "pk": 59, "fields": {"title": "ароматизатор", "unit": "г"}}, {"model": "recipes.ingredient", "pk": 60, "fields": {"title": "ароматизатор \"ананас\"", "unit": "по вкусу"}}, {"model": "recipes.ingredient", "pk": 61, "fields": {"title": "ароматизатор \"вишня\"", "unit": "капля"}}, {"model": "recipes.ingredient", "pk": 62, "fields": {"title": "ароматизатор \"малина\"", "unit": "капля"}}, {"model": "recipes.ingredient", "pk": 63, "fields": {"title": "ароматизатор \"ром\"", "unit": "г"}}, {"model": "recipes.ingredient", "pk": 64, "fields": {"title": "артишоки", "unit": "г"}}, {"model": "recipes.ingredient", "pk": 65, "fields": {"title": "артишоки в масле", "unit": "г"}}, {"model": "recipes.ingredient", "pk": 66, "fields": {"title": "артишоки маринованные", "unit": "г"}}, {"model": "recipes.ingredient", "pk": 67, "fields": {"title": "аспирин", "unit": "шт."}}, {"model": "recipes.ingredient", "pk": 68, "fields": {"title": "ассорти мясное", "unit": "г"}}, {"model": "recipes.ingredient", "pk": 69, "fields": {"title": "ассорти овощное", "unit": "г"}}, {"model": "recipes.ingredient", "pk": 70, "fields": {"title": "ассорти фруктовое", "unit": "г"}}, {"model": "recipes.ingredient", "pk": 71, "fields": {"title": "ассорти ягодное", "unit": "г"}}, {"model": "recipes.ingredient", "pk": 72, "fields": {"title": "аши", "unit": "г"}}, {"model": "recipes.ingredient", "pk": 73, "fields": {"title": "багет", "unit": "г"}}, {"model": "recipes.ingredient", "pk": 74, "fields": {"title": "багет вчерашний", "unit": "г"}}, {"model": "recipes.ingredient", "pk": 75, "fields": {"title": "багет мини", "unit": "г"}}, {"model": "recipes.ingredient", "pk": 76, "fields": {"title": "бадан", "unit": "звездочка"}}, {"model": "recipes.ingredient", "pk": 77, "fields": {"title": "бадьян", "unit": "щепотка"}}, {"model": "recipes.ingredient", "pk": 78, "fields": {"title": "базилик лимонный", "unit": "г"}}, {"model": "recipes.ingredient", "pk": 79, "fields": {"title": "базилик свежий", "unit": "г"}}, {"model": "recipes.ingredient", "pk": 80, "fields": {"title": "базилик сушеный", "unit": "г"}}, {"model": "recipes.ingredient", "pk": 81, "fields": {"title": "базилик тайский", "unit": "горсть"}}, {"model": "recipes.ingredient", "pk": 82, "fields": {"title": "базилик фиолетовый", "unit": "г"}}, {"model": "recipes.ingredient", "pk": 83, "fields": {"title": "баклажаны", "unit": "по вкусу"}}, {"model": "recipes.ingredient", "pk": 84, "fields": {"title": "баклажаны мини", "unit": "г"}}, {"model": "recipes.ingredient", "pk": 85, "fields": {"title": "баклажаны тайские", "unit": "г"}}, {"model": "recipes.ingredient", "pk": 86, "fields": {"title": "балык", "unit": "г"}}, {"model": "recipes.ingredient", "pk": 87, "fields": {"title": "бальзам", "unit": "г"}}, {"model": "recipes.ingredient", "pk": 88, "fields": {"title": "бальзамический крем", "unit": "стакан"}}, {"model": "recipes.ingredient", "pk": 89, "fields": {"title": "бальзамический соус", "unit": "ст. л."}}, {"model": "recipes.ingredient", "pk": 90, "fields": {"title": "бальзамический уксус", "unit": "стакан"}}, {"model": "recipes.ingredient", "pk": 91, "fields": {"title": "бальзам рижский черный", "unit": "ст. л."}}, {"model": "recipes.ingredient", "pk": 92, "fields": {"title": "бамия", "unit": "г"}}, {"model": "recipes.ingredient", "pk": 93, "fields": {"title": "банановое пюре", "unit": "г"}}, {"model": "recipes.ingredient", "pk": 94, "fields": {"title": "банановые чипсы", "unit": "горсть"}}, {"model": "recipes.ingredient", "pk": 95, "fields": {"title": "банановый зеленый сироп", "unit": "мл"}}, {"model": "recipes.ingredient", "pk": 96, "fields": {"title": "банановый ликер", "unit": "мл"}}, {"model": "recipes.ingredient", "pk": 97, "fields": {"title": "бананы", "unit": "г"}}, {"model": "recipes.ingredient", "pk": 98, "fields": {"title": "бананы мини", "unit": "г"}}, {"model": "recipes.ingredient", "pk": 99, "fields": {"title": "барабулька", "unit": "г"}}, {"model": "recipes.ingredient", "pk": 100, "fields": {"title": "бараний ливер", "unit": "г"}}, {"model": "recipes.ingredient", "pk": 101, "fields": {"title": "бараний окорок на косточке", "unit": "кусок"}}, {"model": "recipes.ingredient", "pk": 102, "fields": {"title": "бараний фарш", "unit": "г"}}, {"model": "recipes.ingredient", "pk": 103, "fields": {"title": "баранина", "unit": "г"}}, {"model": "recipes.ingredient", "pk": 104, "fields": {"title": "баранки", "unit": "г"}}, {"model": "recipes.ingredient", "pk": 105, "fields": {"title": "бараньи антрекоты", "unit": "кг"}}, {"model": "recipes.ingredient", "pk": 106, "fields": {"title": "бараньи голяшки", "unit": "шт."}}, {"model": "recipes.ingredient", "pk": 107, "fields": {"title": "бараньи потроха", "unit": "кг"}}, {"model": "recipes.ingredient", "pk": 108, "fields": {"title": "бараньи ребрышки", "unit": "шт."}}, {"model": "recipes.ingredient", "pk": 109, "fields": {"title": "баранья лопатка", "unit": "кг"}}, {"model": "recipes.ingredient", "pk": 110, "fields": {"title": "баранья нога", "unit": "г"}}, {"model": "recipes.ingredient", "pk": 111, "fields": {"title": "баранья печень", "unit": "г"}}, {"model": "recipes.ingredient", "pk": 112, "fields": {"title": "барбарис", "unit": "г"}}, {"model": "recipes.ingredient", "pk": 113, "fields": {"title": "барбарис вяленый", "unit": "ст. л."}}, {"model": "recipes.ingredient", "pk": 114, "fields": {"title": "барбарис молотый", "unit": "г"}}, {"model": "recipes.ingredient", "pk": 115, "fields": {"title": "бастурма", "unit": "г"}}, {"model": "recipes.ingredient", "pk": 116, "fields": {"title": "батат", "unit": "г"}}, {"model": "recipes.ingredient", "pk": 117, "fields": {"title": "батон", "unit": "г"}}, {"model": "recipes.ingredient", "pk": 118, "fields": {"title": "батончики шоколадные", "unit": "г"}}, {"model": "recipes.ingredient", "pk": 119, "fields": {"title": "безе", "unit": "г"}}, {"model": "recipes.ingredient", "pk": 120, "fields": {"title": "бекон", "unit": "по вкусу"}}, {"model": "recipes.ingredient", "pk": 121, "fields": {"title": "бекон варено-копченый", "unit": "г"}}, {"model": "recipes.ingredient", "pk": 122, "fields": {"title": "бекон сырокопченый", "unit": "г"}}, {"model": "recipes.ingredient", "pk": 123, "fields": {"title": "белорыбица", "unit": "г"}}, {"model": "recipes.ingredient", "pk": 124, "fields": {"title": "бирнель", "unit": "мл"}}, {"model": "recipes.ingredient", "pk": 125, "fields": {"title": "бисквик смесь готовая", "unit": "пакет"}}, {"model": "recipes.ingredient", "pk": 126, "fields": {"title": "бисквит", "unit": "г"}}, {"model": "recipes.ingredient", "pk": 127, "fields": {"title": "бисквитная крошка", "unit": "г"}}, {"model": "recipes.ingredient", "pk": 128, "fields": {"title": "бисквитный корж", "unit": "г"}}, {"model": "recipes.ingredient", "pk": 129, "fields": {"title": "бисквитный рулет", "unit": "г"}}, {"model": "recipes.ingredient", "pk": 130, "fields": {"title": "бисквит шоколадный", "unit": "г"}}, {"model": "recipes.ingredient", "pk": 131, "fields": {"title": "бифштекс", "unit": "шт."}}, {"model": "recipes.ingredient", "pk": 132, "fields": {"title": "блинная мука", "unit": "г"}}, {"model": "recipes.ingredient", "pk": 133, "fields": {"title": "блины готовые", "unit": "г"}}, {"model": "recipes.ingredient", "pk": 134, "fields": {"title": "блины овсяные", "unit": "шт."}}, {"model": "recipes.ingredient", "pk": 135, "fields": {"title": "бобовые ростки", "unit": "г"}}, {"model": "recipes.ingredient", "pk": 136, "fields": {"title": "бобы", "unit": "г"}}, {"model": "recipes.ingredient", "pk": 137, "fields": {"title": "бобы мунг пророщенные", "unit": "г"}}, {"model": "recipes.ingredient", "pk": 138, "fields": {"title": "бобы тонка", "unit": "шт."}}, {"model": "recipes.ingredient", "pk": 139, "fields": {"title": "ботарга", "unit": "г"}}, {"model": "recipes.ingredient", "pk": 140, "fields": {"title": "брезаола", "unit": "г"}}, {"model": "recipes.ingredient", "pk": 141, "fields": {"title": "бренди", "unit": "г"}}, {"model": "recipes.ingredient", "pk": 142, "fields": {"title": "брокколи замороженная", "unit": "г"}}, {"model": "recipes.ingredient", "pk": 143, "fields": {"title": "брокколи свежая", "unit": "г"}}, {"model": "recipes.ingredient", "pk": 144, "fields": {"title": "брусника замороженная", "unit": "г"}}, {"model": "recipes.ingredient", "pk": 145, "fields": {"title": "брусника свежая", "unit": "г"}}, {"model": "recipes.ingredient", "pk": 146, "fields": {"title": "брусника сушеная", "unit": "г"}}, {"model": "recipes.ingredient", "pk": 147, "fields": {"title": "брусничное варенье", "unit": "г"}}, {"model": "recipes.ingredient", "pk": 148, "fields": {"title": "брусничный соус", "unit": "г"}}, {"model": "recipes.ingredient", "pk": 149, "fields": {"title": "брынза", "unit": "по вкусу"}}, {"model": "recipes.ingredient", "pk": 150, "fields": {"title": "брынза сербская", "unit": "г"}}, {"model": "recipes.ingredient", "pk": 151, "fields": {"title": "брюква", "unit": "г"}}, {"model": "recipes.ingredient", "pk": 152, "fields": {"title": "буженина", "unit": "г"}}, {"model": "recipes.ingredient", "pk": 153, "fields": {"title": "бузина сироп", "unit": "ст. л."}}, {"model": "recipes.ingredient", "pk": 154, "fields": {"title": "букет гарни", "unit": "пучок"}}, {"model": "recipes.ingredient", "pk": 155, "fields": {"title": "булгур", "unit": "г"}}, {"model": "recipes.ingredient", "pk": 156, "fields": {"title": "булка", "unit": "кусок"}}, {"model": "recipes.ingredient", "pk": 157, "fields": {"title": "булка белая", "unit": "г"}}, {"model": "recipes.ingredient", "pk": 158, "fields": {"title": "булка сдобная", "unit": "г"}}, {"model": "recipes.ingredient", "pk": 159, "fields": {"title": "булочки", "unit": "г"}}, {"model": "recipes.ingredient", "pk": 160, "fields": {"title": "булочки белые черствые", "unit": "г"}}, {"model": "recipes.ingredient", "pk": 161, "fields": {"title": "булочки бриошь", "unit": "шт."}}, {"model": "recipes.ingredient", "pk": 162, "fields": {"title": "булочки вчерашние", "unit": "шт."}}, {"model": "recipes.ingredient", "pk": 163, "fields": {"title": "булочки для гамбургеров", "unit": "шт."}}, {"model": "recipes.ingredient", "pk": 164, "fields": {"title": "булочки зерновые", "unit": "шт."}}, {"model": "recipes.ingredient", "pk": 165, "fields": {"title": "булочки ржаные", "unit": "кусок"}}, {"model": "recipes.ingredient", "pk": 166, "fields": {"title": "булочки с кунжутом", "unit": "шт."}}, {"model": "recipes.ingredient", "pk": 167, "fields": {"title": "бульон", "unit": "г"}}, {"model": "recipes.ingredient", "pk": 168, "fields": {"title": "бульонные кубики", "unit": "г"}}, {"model": "recipes.ingredient", "pk": 169, "fields": {"title": "бурбон", "unit": "г"}}, {"model": "recipes.ingredient", "pk": 170, "fields": {"title": "Буррата", "unit": "г"}}, {"model": "recipes.ingredient", "pk": 171, "fields": {"title": "буряк", "unit": "г"}}, {"model": "recipes.ingredient", "pk": 172, "fields": {"title": "бусинки кондитерские", "unit": "ч. л."}}, {"model": "recipes.ingredient", "pk": 173, "fields": {"title": "бусинки кондитерские серебряные", "unit": "по вкусу"}}, {"model": "recipes.ingredient", "pk": 174, "fields": {"title": "бычий хвост", "unit": "г"}}, {"model": "recipes.ingredient", "pk": 175, "fields": {"title": "ванилин", "unit": "г"}}, {"model": "recipes.ingredient", "pk": 176, "fields": {"title": "ваниль в стручках", "unit": "г"}}, {"model": "recipes.ingredient", "pk": 177, "fields": {"title": "ванильная настойка", "unit": "ст. л."}}, {"model": "recipes.ingredient", "pk": 178, "fields": {"title": "ванильная эссенция", "unit": "г"}}, {"model": "recipes.ingredient", "pk": 179, "fields": {"title": "ванильный порошок", "unit": "г"}}, {"model": "recipes.ingredient", "pk": 180, "fields": {"title": "ванильный сироп", "unit": "г"}}, {"model": "recipes.ingredient", "pk": 181, "fields": {"title": "ванильный экстракт", "unit": "по вкусу"}}, {"model": "recipes.ingredient", "pk": 182, "fields": {"title": "варенье", "unit": "г"}}, {"model": "recipes.ingredient", "pk": 183, "fields": {"title": "васаби", "unit": "г"}}, {"model": "recipes.ingredient", "pk": 184, "fields": {"title": "вафельная крошка", "unit": "г"}}, {"model": "recipes.ingredient", "pk": 185, "fields": {"title": "вафельные коржи", "unit": "г"}}, {"model": "recipes.ingredient", "pk": 186, "fields": {"title": "вафельные трубочки", "unit": "г"}}, {"model": "recipes.ingredient", "pk": 187, "fields": {"title": "вафли", "unit": "г"}}, {"model": "recipes.ingredient", "pk": 188, "fields": {"title": "вафли шоколадные", "unit": "г"}}, {"model": "recipes.ingredient", "pk": 189, "fields": {"title": "вермишель", "unit": "г"}}, {"model": "recipes.ingredient", "pk": 190, "fields": {"title": "вермишель яичная", "unit": "г"}}, {"model": "recipes.ingredient", "pk": 191, "fields": {"title": "вермут", "unit": "г"}}, {"model": "recipes.ingredient", "pk": 192, "fields": {"title": "вермут белый", "unit": "г"}}, {"model": "recipes.ingredient", "pk": 193, "fields": {"title": "вермут сухой", "unit": "г"}}, {"model": "recipes.ingredient", "pk": 194, "fields": {"title": "ветчина", "unit": "г"}}, {"model": "recipes.ingredient", "pk": 195, "fields": {"title": "ветчина вареная", "unit": "г"}}, {"model": "recipes.ingredient", "pk": 196, "fields": {"title": "ветчина варено-копченая", "unit": "кусок"}}, {"model": "recipes.ingredient", "pk": 197, "fields": {"title": "ветчина копченая", "unit": "г"}}, {"model": "recipes.ingredient", "pk": 198, "fields": {"title": "ветчина пармская", "unit": "г"}}, {"model": "recipes.ingredient", "pk": 199, "fields": {"title": "ветчина сырокопченая", "unit": "г"}}, {"model": "recipes.ingredient", "pk": 200, "fields": {"title": "вешенки", "unit": "г"}}, {"model": "recipes.ingredient", "pk": 201, "fields": {"title": "винегрет", "unit": "г"}}, {"model": "recipes.ingredient", "pk": 202, "fields": {"title": "винный камень", "unit": "щепотка"}}, {"model": "recipes.ingredient", "pk": 203, "fields": {"title": "винный уксус", "unit": "г"}}, {"model": "recipes.ingredient", "pk": 204, "fields": {"title": "винный уксус белый", "unit": "г"}}, {"model": "recipes.ingredient", "pk": 205, "fields": {"title": "винный уксус красный", "unit": "ч. л."}}, {"model": "recipes.ingredient", "pk": 206, "fields": {"title": "винный уксус на чесноке", "unit": "ч. л."}}, {"model": "recipes.ingredient", "pk": 207, "fields": {"title": "винный уксус на эстрагоне", "unit": "ст. л."}}, {"model": "recipes.ingredient", "pk": 208, "fields": {"title": "вино белое", "unit": "по вкусу"}}, {"model": "recipes.ingredient", "pk": 209, "fields": {"title": "вино белое полусладкое", "unit": "г"}}, {"model": "recipes.ingredient", "pk": 210, "fields": {"title": "вино белое полусухое", "unit": "г"}}, {"model": "recipes.ingredient", "pk": 211, "fields": {"title": "вино белое сладкое", "unit": "г"}}, {"model": "recipes.ingredient", "pk": 212, "fields": {"title": "вино белое столовое", "unit": "стакан"}}, {"model": "recipes.ingredient", "pk": 213, "fields": {"title": "вино белое сухое", "unit": "г"}}, {"model": "recipes.ingredient", "pk": 214, "fields": {"title": "виноград", "unit": "г"}}, {"model": "recipes.ingredient", "pk": 215, "fields": {"title": "виноград без косточек", "unit": "г"}}, {"model": "recipes.ingredient", "pk": 216, "fields": {"title": "виноград белый", "unit": "г"}}, {"model": "recipes.ingredient", "pk": 217, "fields": {"title": "виноград изабелла", "unit": "кг"}}, {"model": "recipes.ingredient", "pk": 218, "fields": {"title": "виноградное желе", "unit": "ст. л."}}, {"model": "recipes.ingredient", "pk": 219, "fields": {"title": "виноградные листья", "unit": "г"}}, {"model": "recipes.ingredient", "pk": 220, "fields": {"title": "виноградные листья маринованные", "unit": "г"}}, {"model": "recipes.ingredient", "pk": 221, "fields": {"title": "виноградные листья молодые", "unit": "шт."}}, {"model": "recipes.ingredient", "pk": 222, "fields": {"title": "виноградный сок", "unit": "г"}}, {"model": "recipes.ingredient", "pk": 223, "fields": {"title": "виноградный сок осветленный", "unit": "ч. л."}}, {"model": "recipes.ingredient", "pk": 224, "fields": {"title": "виноград синий", "unit": "г"}}, {"model": "recipes.ingredient", "pk": 225, "fields": {"title": "виноград черный", "unit": "г"}}, {"model": "recipes.ingredient", "pk": 226, "fields": {"title": "вино десертное", "unit": "г"}}, {"model": "recipes.ingredient", "pk": 227, "fields": {"title": "вино игристое сухое", "unit": "г"}}, {"model": "recipes.ingredient", "pk": 228, "fields": {"title": "вино красное", "unit": "г"}}, {"model": "recipes.ingredient", "pk": 229, "fields": {"title": "вино красное полусладкое", "unit": "г"}}, {"model": "recipes.ingredient", "pk": 230, "fields": {"title": "вино красное полусухое", "unit": "г"}}, {"model": "recipes.ingredient", "pk": 231, "fields": {"title": "вино красное сладкое", "unit": "г"}}, {"model": "recipes.ingredient", "pk": 232, "fields": {"title": "вино красное сухое", "unit": "г"}}, {"model": "recipes.ingredient", "pk": 233, "fields": {"title": "вино крепленое", "unit": "г"}}, {"model": "recipes.ingredient", "pk": 234, "fields": {"title": "вино розовое полусладкое", "unit": "ст. л."}}, {"model": "recipes.ingredient", "pk": 235, "fields": {"title": "вино розовое полусухое", "unit": "г"}}, {"model": "recipes.ingredient", "pk": 236, "fields": {"title": "виски", "unit": "г"}}, {"model": "recipes.ingredient", "pk": 237, "fields": {"title": "витамин C в порошке", "unit": "г"}}, {"model": "recipes.ingredient", "pk": 238, "fields": {"title": "вишневая настойка", "unit": "мл"}}, {"model": "recipes.ingredient", "pk": 239, "fields": {"title": "вишневое варенье", "unit": "г"}}, {"model": "recipes.ingredient", "pk": 240, "fields": {"title": "вишневые листья", "unit": "г"}}, {"model": "recipes.ingredient", "pk": 241, "fields": {"title": "вишневый джем", "unit": "г"}}, {"model": "recipes.ingredient", "pk": 242, "fields": {"title": "вишневый ликер", "unit": "по вкусу"}}, {"model": "recipes.ingredient", "pk": 243, "fields": {"title": "вишневый сироп", "unit": "стакан"}}, {"model": "recipes.ingredient", "pk": 244, "fields": {"title": "вишневый сок", "unit": "г"}}, {"model": "recipes.ingredient", "pk": 245, "fields": {"title": "вишня", "unit": "г"}}, {"model": "recipes.ingredient", "pk": 246, "fields": {"title": "вишня вяленая", "unit": "г"}}, {"model": "recipes.ingredient", "pk": 247, "fields": {"title": "вишня замороженная", "unit": "г"}}, {"model": "recipes.ingredient", "pk": 248, "fields": {"title": "вишня засахаренная кондитерская", "unit": "шт."}}, {"model": "recipes.ingredient", "pk": 249, "fields": {"title": "вишня коктейльная", "unit": "г"}}, {"model": "recipes.ingredient", "pk": 250, "fields": {"title": "вишня мараскино", "unit": "шт."}}, {"model": "recipes.ingredient", "pk": 251, "fields": {"title": "вишня, протертая с сахаром", "unit": "г"}}, {"model": "recipes.ingredient", "pk": 252, "fields": {"title": "вода", "unit": "г"}}, {"model": "recipes.ingredient", "pk": 253, "fields": {"title": "вода минеральная без газа", "unit": "стакан"}}, {"model": "recipes.ingredient", "pk": 254, "fields": {"title": "вода минеральная газированная", "unit": "г"}}, {"model": "recipes.ingredient", "pk": 255, "fields": {"title": "водка", "unit": "г"}}, {"model": "recipes.ingredient", "pk": 256, "fields": {"title": "водка анисовая", "unit": "ч. л."}}, {"model": "recipes.ingredient", "pk": 257, "fields": {"title": "водоросли", "unit": "г"}}, {"model": "recipes.ingredient", "pk": 258, "fields": {"title": "вустерширский соус", "unit": "г"}}, {"model": "recipes.ingredient", "pk": 259, "fields": {"title": "галангал корень", "unit": "долька"}}, {"model": "recipes.ingredient", "pk": 260, "fields": {"title": "галеты", "unit": "г"}}, {"model": "recipes.ingredient", "pk": 261, "fields": {"title": "гамбургер", "unit": "г"}}, {"model": "recipes.ingredient", "pk": 262, "fields": {"title": "ганаш", "unit": "г"}}, {"model": "recipes.ingredient", "pk": 263, "fields": {"title": "гарам масала", "unit": "г"}}, {"model": "recipes.ingredient", "pk": 264, "fields": {"title": "гарнир", "unit": "г"}}, {"model": "recipes.ingredient", "pk": 265, "fields": {"title": "гаспачо", "unit": "г"}}, {"model": "recipes.ingredient", "pk": 266, "fields": {"title": "гастропаб", "unit": null}}, {"model": "recipes.ingredient", "pk": 267, "fields": {"title": "гвоздика", "unit": "г"}}, {"model": "recipes.ingredient", "pk": 268, "fields": {"title": "гвоздика молотая", "unit": "по вкусу"}}, {"model": "recipes.ingredient", "pk": 269, "fields": {"title": "герань листья", "unit": "г"}}, {"model": "recipes.ingredient", "pk": 270, "fields": {"title": "геркулес", "unit": "г"}}, {"model": "recipes.ingredient", "pk": 271, "fields": {"title": "глазурь", "unit": "г"}}, {"model": "recipes.ingredient", "pk": 272, "fields": {"title": "глазурь белая", "unit": "г"}}, {"model": "recipes.ingredient", "pk": 273, "fields": {"title": "глазурь готовая", "unit": "по вкусу"}}, {"model": "recipes.ingredient", "pk": 274, "fields": {"title": "глазурь черная", "unit": "по вкусу"}}, {"model": "recipes.ingredient", "pk": 275, "fields": {"title": "глазурь шоколадная белая", "unit": "г"}}, {"model": "recipes.ingredient", "pk": 276, "fields": {"title": "глутамат натрия", "unit": "г"}}, {"model": "recipes.ingredient", "pk": 277, "fields": {"title": "глюкоза", "unit": "г"}}, {"model": "recipes.ingredient", "pk": 278, "fields": {"title": "глюкоза сироп", "unit": "г"}}, {"model": "recipes.ingredient", "pk": 279, "fields": {"title": "говядина", "unit": "г"}}, {"model": "recipes.ingredient", "pk": 280, "fields": {"title": "говядина на кости", "unit": "г"}}, {"model": "recipes.ingredient", "pk": 281, "fields": {"title": "говяжий фарш", "unit": "по вкусу"}}, {"model": "recipes.ingredient", "pk": 282, "fields": {"title": "говяжий язык", "unit": "г"}}, {"model": "recipes.ingredient", "pk": 283, "fields": {"title": "говяжье сердце", "unit": "по вкусу"}}, {"model": "recipes.ingredient", "pk": 284, "fields": {"title": "говяжьи бифштексы", "unit": "г"}}, {"model": "recipes.ingredient", "pk": 285, "fields": {"title": "говяжьи голяшки", "unit": "г"}}, {"model": "recipes.ingredient", "pk": 286, "fields": {"title": "говяжьи легкие", "unit": "г"}}, {"model": "recipes.ingredient", "pk": 287, "fields": {"title": "говяжьи ребра", "unit": "г"}}, {"model": "recipes.ingredient", "pk": 288, "fields": {"title": "говяжьи стейки рибай", "unit": "г"}}, {"model": "recipes.ingredient", "pk": 289, "fields": {"title": "говяжья вырезка", "unit": "шт."}}, {"model": "recipes.ingredient", "pk": 290, "fields": {"title": "говяжья грудинка", "unit": "кг"}}, {"model": "recipes.ingredient", "pk": 291, "fields": {"title": "говяжья лопатка", "unit": "г"}}, {"model": "recipes.ingredient", "pk": 292, "fields": {"title": "говяжья мозговая кость", "unit": "шт."}}, {"model": "recipes.ingredient", "pk": 293, "fields": {"title": "говяжья мякоть", "unit": "кг"}}, {"model": "recipes.ingredient", "pk": 294, "fields": {"title": "говяжья печень", "unit": "шт."}}, {"model": "recipes.ingredient", "pk": 295, "fields": {"title": "говяжья черева", "unit": "г"}}, {"model": "recipes.ingredient", "pk": 296, "fields": {"title": "говяжья шейка", "unit": "кг"}}, {"model": "recipes.ingredient", "pk": 297, "fields": {"title": "годжи", "unit": "г"}}, {"model": "recipes.ingredient", "pk": 298, "fields": {"title": "голец филе", "unit": "шт."}}, {"model": "recipes.ingredient", "pk": 299, "fields": {"title": "голубика", "unit": "г"}}, {"model": "recipes.ingredient", "pk": 300, "fields": {"title": "голубика замороженная", "unit": "г"}}, {"model": "recipes.ingredient", "pk": 301, "fields": {"title": "голубь", "unit": "г"}}, {"model": "recipes.ingredient", "pk": 302, "fields": {"title": "горбуша", "unit": "по вкусу"}}, {"model": "recipes.ingredient", "pk": 303, "fields": {"title": "горбуша в собственном соку", "unit": "банка"}}, {"model": "recipes.ingredient", "pk": 304, "fields": {"title": "горбуша филе", "unit": "г"}}, {"model": "recipes.ingredient", "pk": 305, "fields": {"title": "горгонзола", "unit": "г"}}, {"model": "recipes.ingredient", "pk": 306, "fields": {"title": "горгонзола пиканте", "unit": "г"}}, {"model": "recipes.ingredient", "pk": 307, "fields": {"title": "горох", "unit": "г"}}, {"model": "recipes.ingredient", "pk": 308, "fields": {"title": "горох колотый", "unit": "г"}}, {"model": "recipes.ingredient", "pk": 309, "fields": {"title": "гороховые ростки", "unit": "горсть"}}, {"model": "recipes.ingredient", "pk": 310, "fields": {"title": "гороховый суп", "unit": "г"}}, {"model": "recipes.ingredient", "pk": 311, "fields": {"title": "горошек зеленый", "unit": "г"}}, {"model": "recipes.ingredient", "pk": 312, "fields": {"title": "горошек зеленый замороженный", "unit": "г"}}, {"model": "recipes.ingredient", "pk": 313, "fields": {"title": "горошек зеленый консервированный", "unit": "г"}}, {"model": "recipes.ingredient", "pk": 314, "fields": {"title": "горошек стручковый свежий", "unit": "г"}}, {"model": "recipes.ingredient", "pk": 315, "fields": {"title": "горчица", "unit": "г"}}, {"model": "recipes.ingredient", "pk": 316, "fields": {"title": "горчица дижонская", "unit": "г"}}, {"model": "recipes.ingredient", "pk": 317, "fields": {"title": "горчица дижонская с медом", "unit": "г"}}, {"model": "recipes.ingredient", "pk": 318, "fields": {"title": "горчица желтая семена", "unit": "г"}}, {"model": "recipes.ingredient", "pk": 319, "fields": {"title": "горчица острая", "unit": "г"}}, {"model": "recipes.ingredient", "pk": 320, "fields": {"title": "горчица русская", "unit": "ст. л."}}, {"model": "recipes.ingredient", "pk": 321, "fields": {"title": "горчица семена", "unit": "г"}}, {"model": "recipes.ingredient", "pk": 322, "fields": {"title": "горчица с зернами", "unit": "г"}}, {"model": "recipes.ingredient", "pk": 323, "fields": {"title": "горчица сухая", "unit": "г"}}, {"model": "recipes.ingredient", "pk": 324, "fields": {"title": "горчица французская", "unit": "г"}}, {"model": "recipes.ingredient", "pk": 325, "fields": {"title": "горчица цитрусовая", "unit": "г"}}, {"model": "recipes.ingredient", "pk": 326, "fields": {"title": "горчичное масло", "unit": "г"}}, {"model": "recipes.ingredient", "pk": 327, "fields": {"title": "горчичный порошок", "unit": "г"}}, {"model": "recipes.ingredient", "pk": 328, "fields": {"title": "грана падано", "unit": "ст. л."}}, {"model": "recipes.ingredient", "pk": 329, "fields": {"title": "гранатные зерна", "unit": "г"}}, {"model": "recipes.ingredient", "pk": 330, "fields": {"title": "гранатовая паста", "unit": "ст. л."}}, {"model": "recipes.ingredient", "pk": 331, "fields": {"title": "гранатовый сироп", "unit": "г"}}, {"model": "recipes.ingredient", "pk": 332, "fields": {"title": "гранатовый сок", "unit": "г"}}, {"model": "recipes.ingredient", "pk": 333, "fields": {"title": "гранатовый сок свежевыжатый", "unit": "мл"}}, {"model": "recipes.ingredient", "pk": 334, "fields": {"title": "гранатовый соус", "unit": "ч. л."}}, {"model": "recipes.ingredient", "pk": 335, "fields": {"title": "гранаты", "unit": "г"}}, {"model": "recipes.ingredient", "pk": 336, "fields": {"title": "гранита", "unit": "г"}}, {"model": "recipes.ingredient", "pk": 337, "fields": {"title": "гранола с орехами", "unit": "г"}}, {"model": "recipes.ingredient", "pk": 338, "fields": {"title": "граппа", "unit": "ч. л."}}, {"model": "recipes.ingredient", "pk": 339, "fields": {"title": "гратен", "unit": "кг"}}, {"model": "recipes.ingredient", "pk": 340, "fields": {"title": "грейпфрутовая цедра", "unit": "г"}}, {"model": "recipes.ingredient", "pk": 341, "fields": {"title": "грейпфрутовый сок", "unit": "г"}}, {"model": "recipes.ingredient", "pk": 342, "fields": {"title": "грейпфруты", "unit": "г"}}, {"model": "recipes.ingredient", "pk": 343, "fields": {"title": "грейпфруты розовые", "unit": "г"}}, {"model": "recipes.ingredient", "pk": 344, "fields": {"title": "гренадин", "unit": "г"}}, {"model": "recipes.ingredient", "pk": 345, "fields": {"title": "гренки", "unit": "г"}}, {"model": "recipes.ingredient", "pk": 346, "fields": {"title": "грецкие орехи", "unit": "г"}}, {"model": "recipes.ingredient", "pk": 347, "fields": {"title": "грецкие орехи рубленые", "unit": "г"}}, {"model": "recipes.ingredient", "pk": 348, "fields": {"title": "гречневая крупа", "unit": "г"}}, {"model": "recipes.ingredient", "pk": 349, "fields": {"title": "гречневая крупа зеленая", "unit": "ст. л."}}, {"model": "recipes.ingredient", "pk": 350, "fields": {"title": "гречневая лапша соба", "unit": "г"}}, {"model": "recipes.ingredient", "pk": 351, "fields": {"title": "гречневая мука", "unit": "г"}}, {"model": "recipes.ingredient", "pk": 352, "fields": {"title": "гречневое молоко", "unit": "стакан"}}, {"model": "recipes.ingredient", "pk": 353, "fields": {"title": "гречневые хлопья", "unit": "г"}}, {"model": "recipes.ingredient", "pk": 354, "fields": {"title": "грибы", "unit": "г"}}, {"model": "recipes.ingredient", "pk": 355, "fields": {"title": "грибы белые", "unit": "г"}}, {"model": "recipes.ingredient", "pk": 356, "fields": {"title": "грибы белые замороженные", "unit": "г"}}, {"model": "recipes.ingredient", "pk": 357, "fields": {"title": "грибы белые маринованные", "unit": "г"}}, {"model": "recipes.ingredient", "pk": 358, "fields": {"title": "грибы белые сухие", "unit": "г"}}, {"model": "recipes.ingredient", "pk": 359, "fields": {"title": "грибы замороженные", "unit": "г"}}, {"model": "recipes.ingredient", "pk": 360, "fields": {"title": "грибы замороженные (опята и маслята)", "unit": "г"}}, {"model": "recipes.ingredient", "pk": 361, "fields": {"title": "грибы лесные", "unit": "г"}}, {"model": "recipes.ingredient", "pk": 362, "fields": {"title": "грибы маринованные", "unit": "г"}}, {"model": "recipes.ingredient", "pk": 363, "fields": {"title": "грибы свежие", "unit": "г"}}, {"model": "recipes.ingredient", "pk": 364, "fields": {"title": "грибы соленые", "unit": "г"}}, {"model": "recipes.ingredient", "pk": 365, "fields": {"title": "грибы соломенные консервированные", "unit": "шт."}}, {"model": "recipes.ingredient", "pk": 366, "fields": {"title": "грибы сухие", "unit": "г"}}, {"model": "recipes.ingredient", "pk": 367, "fields": {"title": "грибы шиитаке", "unit": "г"}}, {"model": "recipes.ingredient", "pk": 368, "fields": {"title": "грибы шиитаке сухие", "unit": "г"}}, {"model": "recipes.ingredient", "pk": 369, "fields": {"title": "гриль", "unit": "г"}}, {"model": "recipes.ingredient", "pk": 370, "fields": {"title": "гриссини", "unit": "г"}}, {"model": "recipes.ingredient", "pk": 371, "fields": {"title": "грудинка", "unit": "г"}}, {"model": "recipes.ingredient", "pk": 372, "fields": {"title": "грудинка варено-копченая", "unit": "г"}}, {"model": "recipes.ingredient", "pk": 373, "fields": {"title": "грудинка копченая", "unit": "по вкусу"}}, {"model": "recipes.ingredient", "pk": 374, "fields": {"title": "грушевое пюре", "unit": "г"}}, {"model": "recipes.ingredient", "pk": 375, "fields": {"title": "грушевый ликер", "unit": "мл"}}, {"model": "recipes.ingredient", "pk": 376, "fields": {"title": "грушевый сироп", "unit": "мл"}}, {"model": "recipes.ingredient", "pk": 377, "fields": {"title": "грушевый сок", "unit": "г"}}, {"model": "recipes.ingredient", "pk": 378, "fields": {"title": "грушевый уксус", "unit": "ст. л."}}, {"model": "recipes.ingredient", "pk": 379, "fields": {"title": "груши", "unit": "по вкусу"}}, {"model": "recipes.ingredient", "pk": 380, "fields": {"title": "груши вяленые", "unit": "г"}}, {"model": "recipes.ingredient", "pk": 381, "fields": {"title": "грюйер", "unit": "г"}}, {"model": "recipes.ingredient", "pk": 382, "fields": {"title": "гуава", "unit": "шт."}}, {"model": "recipes.ingredient", "pk": 383, "fields": {"title": "гуанчиале", "unit": "г"}}, {"model": "recipes.ingredient", "pk": 384, "fields": {"title": "гурьевская каша", "unit": "г"}}, {"model": "recipes.ingredient", "pk": 385, "fields": {"title": "гусиная грудка копченая", "unit": "г"}}, {"model": "recipes.ingredient", "pk": 386, "fields": {"title": "гусиная печень", "unit": "г"}}, {"model": "recipes.ingredient", "pk": 387, "fields": {"title": "гусиный жир", "unit": "ст. л."}}, {"model": "recipes.ingredient", "pk": 388, "fields": {"title": "гусь", "unit": "г"}}, {"model": "recipes.ingredient", "pk": 389, "fields": {"title": "гусь тушка", "unit": "кг"}}, {"model": "recipes.ingredient", "pk": 390, "fields": {"title": "дайкон", "unit": "г"}}, {"model": "recipes.ingredient", "pk": 391, "fields": {"title": "детское питание", "unit": "г"}}, {"model": "recipes.ingredient", "pk": 392, "fields": {"title": "джем", "unit": "г"}}, {"model": "recipes.ingredient", "pk": 393, "fields": {"title": "джин", "unit": "г"}}, {"model": "recipes.ingredient", "pk": 394, "fields": {"title": "джусай", "unit": "г"}}, {"model": "recipes.ingredient", "pk": 395, "fields": {"title": "диоксид титана", "unit": "г"}}, {"model": "recipes.ingredient", "pk": 396, "fields": {"title": "долма", "unit": "г"}}, {"model": "recipes.ingredient", "pk": 397, "fields": {"title": "дорада", "unit": "шт."}}, {"model": "recipes.ingredient", "pk": 398, "fields": {"title": "дорада потрошеная с головой", "unit": "шт."}}, {"model": "recipes.ingredient", "pk": 399, "fields": {"title": "дорада с головой", "unit": "шт."}}, {"model": "recipes.ingredient", "pk": 400, "fields": {"title": "дорада тушка", "unit": "шт."}}, {"model": "recipes.ingredient", "pk": 401, "fields": {"title": "драже", "unit": "г"}}, {"model": "recipes.ingredient", "pk": 402, "fields": {"title": "дрожжи домашние", "unit": "г"}}, {"model": "recipes.ingredient", "pk": 403, "fields": {"title": "дрожжи свежие", "unit": "г"}}, {"model": "recipes.ingredient", "pk": 404, "fields": {"title": "дрожжи сухие", "unit": "по вкусу"}}, {"model": "recipes.ingredient", "pk": 405, "fields": {"title": "дубовая кора", "unit": "г"}}, {"model": "recipes.ingredient", "pk": 406, "fields": {"title": "душица", "unit": "г"}}, {"model": "recipes.ingredient", "pk": 407, "fields": {"title": "дыня", "unit": "г"}}, {"model": "recipes.ingredient", "pk": 408, "fields": {"title": "ежевика", "unit": "г"}}, {"model": "recipes.ingredient", "pk": 409, "fields": {"title": "ежевика замороженная", "unit": "г"}}, {"model": "recipes.ingredient", "pk": 410, "fields": {"title": "ерш", "unit": "г"}}, {"model": "recipes.ingredient", "pk": 411, "fields": {"title": "ёрш-носарь", "unit": "шт."}}, {"model": "recipes.ingredient", "pk": 412, "fields": {"title": "желатин", "unit": "г"}}, {"model": "recipes.ingredient", "pk": 413, "fields": {"title": "желатин листовой", "unit": "по вкусу"}}, {"model": "recipes.ingredient", "pk": 414, "fields": {"title": "желе", "unit": "г"}}, {"model": "recipes.ingredient", "pk": 415, "fields": {"title": "желе для торта", "unit": "упаковка"}}, {"model": "recipes.ingredient", "pk": 416, "fields": {"title": "желирующее вещество", "unit": "упаковка"}}, {"model": "recipes.ingredient", "pk": 417, "fields": {"title": "желирующий сахар", "unit": "г"}}, {"model": "recipes.ingredient", "pk": 418, "fields": {"title": "женьшень", "unit": "г"}}, {"model": "recipes.ingredient", "pk": 419, "fields": {"title": "жидкий дым", "unit": "г"}}, {"model": "recipes.ingredient", "pk": 420, "fields": {"title": "жимолость", "unit": "г"}}, {"model": "recipes.ingredient", "pk": 421, "fields": {"title": "жир", "unit": "г"}}, {"model": "recipes.ingredient", "pk": 422, "fields": {"title": "жир вытопленный", "unit": "стакан"}}, {"model": "recipes.ingredient", "pk": 423, "fields": {"title": "жир кулинарный", "unit": "г"}}, {"model": "recipes.ingredient", "pk": 424, "fields": {"title": "жир растительный", "unit": "г"}}, {"model": "recipes.ingredient", "pk": 425, "fields": {"title": "заатар", "unit": "щепотка"}}, {"model": "recipes.ingredient", "pk": 426, "fields": {"title": "завтрак сухой", "unit": "г"}}, {"model": "recipes.ingredient", "pk": 427, "fields": {"title": "завтрак сухой подушечки", "unit": "г"}}, {"model": "recipes.ingredient", "pk": 428, "fields": {"title": "загуститель для сливок", "unit": "г"}}, {"model": "recipes.ingredient", "pk": 429, "fields": {"title": "зайчатина", "unit": "г"}}, {"model": "recipes.ingredient", "pk": 430, "fields": {"title": "закваска", "unit": "пакет"}}, {"model": "recipes.ingredient", "pk": 431, "fields": {"title": "закваска вечная", "unit": "г"}}, {"model": "recipes.ingredient", "pk": 432, "fields": {"title": "заменитель сахара", "unit": "по вкусу"}}, {"model": "recipes.ingredient", "pk": 433, "fields": {"title": "заменитель сахара стевия", "unit": "г"}}, {"model": "recipes.ingredient", "pk": 434, "fields": {"title": "заправка для салатов готовая", "unit": "г"}}, {"model": "recipes.ingredient", "pk": 435, "fields": {"title": "зверобой", "unit": "по вкусу"}}, {"model": "recipes.ingredient", "pk": 436, "fields": {"title": "зелень", "unit": "г"}}, {"model": "recipes.ingredient", "pk": 437, "fields": {"title": "зелень рубленая", "unit": "г"}}, {"model": "recipes.ingredient", "pk": 438, "fields": {"title": "земляника", "unit": "по вкусу"}}, {"model": "recipes.ingredient", "pk": 439, "fields": {"title": "земляника замороженная", "unit": "г"}}, {"model": "recipes.ingredient", "pk": 440, "fields": {"title": "зефир", "unit": "г"}}, {"model": "recipes.ingredient", "pk": 441, "fields": {"title": "зира", "unit": "г"}}, {"model": "recipes.ingredient", "pk": 442, "fields": {"title": "злаковые хлопья", "unit": "г"}}, {"model": "recipes.ingredient", "pk": 443, "fields": {"title": "зубатка", "unit": "г"}}, {"model": "recipes.ingredient", "pk": 444, "fields": {"title": "зубатка филе", "unit": "г"}}, {"model": "recipes.ingredient", "pk": 445, "fields": {"title": "изолят соевого протеина", "unit": "г"}}, {"model": "recipes.ingredient", "pk": 446, "fields": {"title": "изюм", "unit": "г"}}, {"model": "recipes.ingredient", "pk": 447, "fields": {"title": "изюм без косточек", "unit": "г"}}, {"model": "recipes.ingredient", "pk": 448, "fields": {"title": "изюм белый", "unit": "г"}}, {"model": "recipes.ingredient", "pk": 449, "fields": {"title": "изюм черный", "unit": "г"}}, {"model": "recipes.ingredient", "pk": 450, "fields": {"title": "икра", "unit": "г"}}, {"model": "recipes.ingredient", "pk": 451, "fields": {"title": "икра вяленой рыбы", "unit": "г"}}, {"model": "recipes.ingredient", "pk": 452, "fields": {"title": "икра горбуши зернистая", "unit": "г"}}, {"model": "recipes.ingredient", "pk": 453, "fields": {"title": "икра красная", "unit": "г"}}, {"model": "recipes.ingredient", "pk": 454, "fields": {"title": "икра красной рыбы мелкая", "unit": "г"}}, {"model": "recipes.ingredient", "pk": 455, "fields": {"title": "икра летучей рыбы", "unit": "г"}}, {"model": "recipes.ingredient", "pk": 456, "fields": {"title": "икра лосося", "unit": "г"}}, {"model": "recipes.ingredient", "pk": 457, "fields": {"title": "икра мойвы", "unit": "г"}}, {"model": "recipes.ingredient", "pk": 458, "fields": {"title": "икра палтуса", "unit": "г"}}, {"model": "recipes.ingredient", "pk": 459, "fields": {"title": "икра судака", "unit": "г"}}, {"model": "recipes.ingredient", "pk": 460, "fields": {"title": "икра черная", "unit": "г"}}, {"model": "recipes.ingredient", "pk": 461, "fields": {"title": "имбирное варенье", "unit": "г"}}, {"model": "recipes.ingredient", "pk": 462, "fields": {"title": "имбирное печенье", "unit": "по вкусу"}}, {"model": "recipes.ingredient", "pk": 463, "fields": {"title": "имбирные цукаты", "unit": "ст. л."}}, {"model": "recipes.ingredient", "pk": 464, "fields": {"title": "имбирь", "unit": "г"}}, {"model": "recipes.ingredient", "pk": 465, "fields": {"title": "имбирь засахаренный", "unit": "г"}}, {"model": "recipes.ingredient", "pk": 466, "fields": {"title": "имбирь корень", "unit": "г"}}, {"model": "recipes.ingredient", "pk": 467, "fields": {"title": "имбирь маринованный", "unit": "г"}}, {"model": "recipes.ingredient", "pk": 468, "fields": {"title": "имбирь молотый", "unit": "г"}}, {"model": "recipes.ingredient", "pk": 469, "fields": {"title": "индейка", "unit": "г"}}, {"model": "recipes.ingredient", "pk": 470, "fields": {"title": "индейка голень", "unit": "г"}}, {"model": "recipes.ingredient", "pk": 471, "fields": {"title": "индейка грудка", "unit": "г"}}, {"model": "recipes.ingredient", "pk": 472, "fields": {"title": "индейка копченая", "unit": "г"}}, {"model": "recipes.ingredient", "pk": 473, "fields": {"title": "индейка тушка", "unit": "шт."}}, {"model": "recipes.ingredient", "pk": 474, "fields": {"title": "индейка фарш", "unit": "г"}}, {"model": "recipes.ingredient", "pk": 475, "fields": {"title": "индейка филе", "unit": "г"}}, {"model": "recipes.ingredient", "pk": 476, "fields": {"title": "индоутка", "unit": "шт."}}, {"model": "recipes.ingredient", "pk": 477, "fields": {"title": "индюшачья печень", "unit": "г"}}, {"model": "recipes.ingredient", "pk": 478, "fields": {"title": "инжир", "unit": "г"}}, {"model": "recipes.ingredient", "pk": 479, "fields": {"title": "инжир свежий", "unit": "г"}}, {"model": "recipes.ingredient", "pk": 480, "fields": {"title": "инжир сушеный", "unit": "г"}}, {"model": "recipes.ingredient", "pk": 481, "fields": {"title": "ирга", "unit": "г"}}, {"model": "recipes.ingredient", "pk": 482, "fields": {"title": "ириски", "unit": "г"}}, {"model": "recipes.ingredient", "pk": 483, "fields": {"title": "итальянские травы", "unit": "г"}}, {"model": "recipes.ingredient", "pk": 484, "fields": {"title": "йогурт", "unit": "г"}}, {"model": "recipes.ingredient", "pk": 485, "fields": {"title": "йогурт греческий", "unit": "г"}}, {"model": "recipes.ingredient", "pk": 486, "fields": {"title": "йогурт жирный", "unit": "г"}}, {"model": "recipes.ingredient", "pk": 487, "fields": {"title": "йогурт козий", "unit": "г"}}, {"model": "recipes.ingredient", "pk": 488, "fields": {"title": "йогурт натуральный", "unit": "г"}}, {"model": "recipes.ingredient", "pk": 489, "fields": {"title": "йогурт нежирный", "unit": "г"}}, {"model": "recipes.ingredient", "pk": 490, "fields": {"title": "йогурт обезжиренный", "unit": "г"}}, {"model": "recipes.ingredient", "pk": 491, "fields": {"title": "йогурт фруктовый", "unit": "г"}}, {"model": "recipes.ingredient", "pk": 492, "fields": {"title": "кабачки", "unit": "г"}}, {"model": "recipes.ingredient", "pk": 493, "fields": {"title": "кабачки замороженные", "unit": "г"}}, {"model": "recipes.ingredient", "pk": 494, "fields": {"title": "кабачки молодые", "unit": "г"}}, {"model": "recipes.ingredient", "pk": 495, "fields": {"title": "каджунская смесь специй", "unit": "ст. л."}}, {"model": "recipes.ingredient", "pk": 496, "fields": {"title": "какао", "unit": "горсть"}}, {"model": "recipes.ingredient", "pk": 497, "fields": {"title": "какао-бобы", "unit": "г"}}, {"model": "recipes.ingredient", "pk": 498, "fields": {"title": "какао-масло", "unit": "г"}}, {"model": "recipes.ingredient", "pk": 499, "fields": {"title": "какао-порошок", "unit": "по вкусу"}}, {"model": "recipes.ingredient", "pk": 500, "fields": {"title": "какао-порошок обезжиренный", "unit": "г"}}, {"model": "recipes.ingredient", "pk": 501, "fields": {"title": "какао сгущенное", "unit": "банка"}}, {"model": "recipes.ingredient", "pk": 502, "fields": {"title": "калина", "unit": "по вкусу"}}, {"model": "recipes.ingredient", "pk": 503, "fields": {"title": "калина протертая", "unit": "г"}}, {"model": "recipes.ingredient", "pk": 504, "fields": {"title": "калинджи семена", "unit": "ч. л."}}, {"model": "recipes.ingredient", "pk": 505, "fields": {"title": "кальвадос", "unit": "г"}}, {"model": "recipes.ingredient", "pk": 506, "fields": {"title": "кальмары", "unit": "г"}}, {"model": "recipes.ingredient", "pk": 507, "fields": {"title": "кальмары вареные", "unit": "г"}}, {"model": "recipes.ingredient", "pk": 508, "fields": {"title": "кальмары замороженные", "unit": "г"}}, {"model": "recipes.ingredient", "pk": 509, "fields": {"title": "кальмары консервированные", "unit": "г"}}, {"model": "recipes.ingredient", "pk": 510, "fields": {"title": "кальмары филе", "unit": "шт."}}, {"model": "recipes.ingredient", "pk": 511, "fields": {"title": "камамбер", "unit": "упаковка"}}, {"model": "recipes.ingredient", "pk": 512, "fields": {"title": "камбала", "unit": "г"}}, {"model": "recipes.ingredient", "pk": 513, "fields": {"title": "камбала филе", "unit": "г"}}, {"model": "recipes.ingredient", "pk": 514, "fields": {"title": "кампари", "unit": "мл"}}, {"model": "recipes.ingredient", "pk": 515, "fields": {"title": "кандурин золотой", "unit": "ч. л."}}, {"model": "recipes.ingredient", "pk": 516, "fields": {"title": "каннеллони", "unit": "г"}}, {"model": "recipes.ingredient", "pk": 517, "fields": {"title": "капеллини", "unit": "г"}}, {"model": "recipes.ingredient", "pk": 518, "fields": {"title": "каперсы", "unit": "г"}}, {"model": "recipes.ingredient", "pk": 519, "fields": {"title": "каперсы в винном уксусе", "unit": "г"}}, {"model": "recipes.ingredient", "pk": 520, "fields": {"title": "каперсы маринованные", "unit": "г"}}, {"model": "recipes.ingredient", "pk": 521, "fields": {"title": "капуста белокочанная", "unit": "г"}}, {"model": "recipes.ingredient", "pk": 522, "fields": {"title": "капуста брюссельская", "unit": "г"}}, {"model": "recipes.ingredient", "pk": 523, "fields": {"title": "капуста брюссельская замороженная", "unit": "г"}}, {"model": "recipes.ingredient", "pk": 524, "fields": {"title": "капуста кале", "unit": "г"}}, {"model": "recipes.ingredient", "pk": 525, "fields": {"title": "капуста квашеная", "unit": "по вкусу"}}, {"model": "recipes.ingredient", "pk": 526, "fields": {"title": "капуста кольраби", "unit": "г"}}, {"model": "recipes.ingredient", "pk": 527, "fields": {"title": "капуста краснокочанная", "unit": "г"}}, {"model": "recipes.ingredient", "pk": 528, "fields": {"title": "капуста морская", "unit": "по вкусу"}}, {"model": "recipes.ingredient", "pk": 529, "fields": {"title": "капуста морская замороженная", "unit": "г"}}, {"model": "recipes.ingredient", "pk": 530, "fields": {"title": "капуста морская сушеная", "unit": "г"}}, {"model": "recipes.ingredient", "pk": 531, "fields": {"title": "капуста пекинская", "unit": "г"}}, {"model": "recipes.ingredient", "pk": 532, "fields": {"title": "капуста савойская", "unit": "г"}}, {"model": "recipes.ingredient", "pk": 533, "fields": {"title": "капуста цветная", "unit": "г"}}, {"model": "recipes.ingredient", "pk": 534, "fields": {"title": "капуста цветная замороженная", "unit": "г"}}, {"model": "recipes.ingredient", "pk": 535, "fields": {"title": "капустный рассол", "unit": "г"}}, {"model": "recipes.ingredient", "pk": 536, "fields": {"title": "капучино", "unit": "г"}}, {"model": "recipes.ingredient", "pk": 537, "fields": {"title": "каракатица", "unit": "г"}}, {"model": "recipes.ingredient", "pk": 538, "fields": {"title": "каракатица очищенная", "unit": "г"}}, {"model": "recipes.ingredient", "pk": 539, "fields": {"title": "карамбола", "unit": "г"}}, {"model": "recipes.ingredient", "pk": 540, "fields": {"title": "карамель", "unit": "мл"}}, {"model": "recipes.ingredient", "pk": 541, "fields": {"title": "карамельный соус", "unit": "г"}}, {"model": "recipes.ingredient", "pk": 542, "fields": {"title": "карамель с начинкой", "unit": "г"}}, {"model": "recipes.ingredient", "pk": 543, "fields": {"title": "карамель соленая", "unit": "г"}}, {"model": "recipes.ingredient", "pk": 544, "fields": {"title": "карась", "unit": "г"}}, {"model": "recipes.ingredient", "pk": 545, "fields": {"title": "карбонад", "unit": "г"}}, {"model": "recipes.ingredient", "pk": 546, "fields": {"title": "кардамон", "unit": "г"}}, {"model": "recipes.ingredient", "pk": 547, "fields": {"title": "кардамон зерна", "unit": "ч. л."}}, {"model": "recipes.ingredient", "pk": 548, "fields": {"title": "кардамон молотый", "unit": "г"}}, {"model": "recipes.ingredient", "pk": 549, "fields": {"title": "кардамон стручки", "unit": "шт."}}, {"model": "recipes.ingredient", "pk": 550, "fields": {"title": "каркаде", "unit": "г"}}, {"model": "recipes.ingredient", "pk": 551, "fields": {"title": "карп", "unit": "г"}}, {"model": "recipes.ingredient", "pk": 552, "fields": {"title": "карп зеркальный", "unit": "кг"}}, {"model": "recipes.ingredient", "pk": 553, "fields": {"title": "карп филе", "unit": "кг"}}, {"model": "recipes.ingredient", "pk": 554, "fields": {"title": "карри", "unit": "г"}}, {"model": "recipes.ingredient", "pk": 555, "fields": {"title": "карри листья", "unit": "г"}}, {"model": "recipes.ingredient", "pk": 556, "fields": {"title": "карри паста", "unit": "пакет"}}, {"model": "recipes.ingredient", "pk": 557, "fields": {"title": "картофель", "unit": "г"}}, {"model": "recipes.ingredient", "pk": 558, "fields": {"title": "картофель вареный", "unit": "г"}}, {"model": "recipes.ingredient", "pk": 559, "fields": {"title": "картофель вареный в мундире", "unit": "г"}}, {"model": "recipes.ingredient", "pk": 560, "fields": {"title": "картофель молодой", "unit": "г"}}, {"model": "recipes.ingredient", "pk": 561, "fields": {"title": "картофельное пюре", "unit": "по вкусу"}}, {"model": "recipes.ingredient", "pk": 562, "fields": {"title": "картофельные ньокки", "unit": "г"}}, {"model": "recipes.ingredient", "pk": 563, "fields": {"title": "картофельные хлопья", "unit": "г"}}, {"model": "recipes.ingredient", "pk": 564, "fields": {"title": "картофельные чипсы", "unit": "г"}}, {"model": "recipes.ingredient", "pk": 565, "fields": {"title": "картофельный крахмал", "unit": "г"}}, {"model": "recipes.ingredient", "pk": 566, "fields": {"title": "картофельный отвар", "unit": "г"}}, {"model": "recipes.ingredient", "pk": 567, "fields": {"title": "картофельный хэш замороженный", "unit": "г"}}, {"model": "recipes.ingredient", "pk": 568, "fields": {"title": "картофель печеный", "unit": "г"}}, {"model": "recipes.ingredient", "pk": 569, "fields": {"title": "катык", "unit": "г"}}, {"model": "recipes.ingredient", "pk": 570, "fields": {"title": "каффир-лайм листья", "unit": "по вкусу"}}, {"model": "recipes.ingredient", "pk": 571, "fields": {"title": "каша", "unit": "г"}}, {"model": "recipes.ingredient", "pk": 572, "fields": {"title": "каша для детского питания", "unit": "г"}}, {"model": "recipes.ingredient", "pk": 573, "fields": {"title": "каштановая мука", "unit": "г"}}, {"model": "recipes.ingredient", "pk": 574, "fields": {"title": "каштановый крем", "unit": "г"}}, {"model": "recipes.ingredient", "pk": 575, "fields": {"title": "каштаны", "unit": "г"}}, {"model": "recipes.ingredient", "pk": 576, "fields": {"title": "каштаны вареные", "unit": "г"}}, {"model": "recipes.ingredient", "pk": 577, "fields": {"title": "каштаны консервированные", "unit": "г"}}, {"model": "recipes.ingredient", "pk": 578, "fields": {"title": "каштаны очищенные", "unit": "г"}}, {"model": "recipes.ingredient", "pk": 579, "fields": {"title": "квас", "unit": "г"}}, {"model": "recipes.ingredient", "pk": 580, "fields": {"title": "квасное сусло", "unit": "г"}}, {"model": "recipes.ingredient", "pk": 581, "fields": {"title": "квасной концентрат сухой", "unit": "упаковка"}}, {"model": "recipes.ingredient", "pk": 582, "fields": {"title": "квас хлебный", "unit": "г"}}, {"model": "recipes.ingredient", "pk": 583, "fields": {"title": "кедровая мука", "unit": "г"}}, {"model": "recipes.ingredient", "pk": 584, "fields": {"title": "кедровые орехи", "unit": "г"}}, {"model": "recipes.ingredient", "pk": 585, "fields": {"title": "кедровые орехи жареные", "unit": "г"}}, {"model": "recipes.ingredient", "pk": 586, "fields": {"title": "кета", "unit": "г"}}, {"model": "recipes.ingredient", "pk": 587, "fields": {"title": "кетчуп острый", "unit": "по вкусу"}}, {"model": "recipes.ingredient", "pk": 588, "fields": {"title": "кетчуп томатный", "unit": "г"}}, {"model": "recipes.ingredient", "pk": 589, "fields": {"title": "кетчуп тосканский", "unit": "ст. л."}}, {"model": "recipes.ingredient", "pk": 590, "fields": {"title": "кетчуп шашлычный", "unit": "г"}}, {"model": "recipes.ingredient", "pk": 591, "fields": {"title": "кефаль", "unit": "г"}}, {"model": "recipes.ingredient", "pk": 592, "fields": {"title": "кефир", "unit": "по вкусу"}}, {"model": "recipes.ingredient", "pk": 593, "fields": {"title": "кефир 1%", "unit": "г"}}, {"model": "recipes.ingredient", "pk": 594, "fields": {"title": "кефир 2,5%", "unit": "г"}}, {"model": "recipes.ingredient", "pk": 595, "fields": {"title": "кефир 3,2%", "unit": "г"}}, {"model": "recipes.ingredient", "pk": 596, "fields": {"title": "кефир обезжиренный", "unit": "г"}}, {"model": "recipes.ingredient", "pk": 597, "fields": {"title": "кешью", "unit": "г"}}, {"model": "recipes.ingredient", "pk": 598, "fields": {"title": "кивано", "unit": "г"}}, {"model": "recipes.ingredient", "pk": 599, "fields": {"title": "киви", "unit": "кг"}}, {"model": "recipes.ingredient", "pk": 600, "fields": {"title": "киви желе", "unit": "г"}}, {"model": "recipes.ingredient", "pk": 601, "fields": {"title": "кижуч", "unit": "г"}}, {"model": "recipes.ingredient", "pk": 602, "fields": {"title": "кижуч горячего копчения филе", "unit": "г"}}, {"model": "recipes.ingredient", "pk": 603, "fields": {"title": "кизил", "unit": "г"}}, {"model": "recipes.ingredient", "pk": 604, "fields": {"title": "килька", "unit": "г"}}, {"model": "recipes.ingredient", "pk": 605, "fields": {"title": "кимчи", "unit": "г"}}, {"model": "recipes.ingredient", "pk": 606, "fields": {"title": "кинза свежая", "unit": "зубчик"}}, {"model": "recipes.ingredient", "pk": 607, "fields": {"title": "кинза сушеная", "unit": "г"}}, {"model": "recipes.ingredient", "pk": 608, "fields": {"title": "киноа", "unit": "г"}}, {"model": "recipes.ingredient", "pk": 609, "fields": {"title": "киноа молотая", "unit": "г"}}, {"model": "recipes.ingredient", "pk": 610, "fields": {"title": "кипяток", "unit": "г"}}, {"model": "recipes.ingredient", "pk": 611, "fields": {"title": "кирш", "unit": "ст. л."}}, {"model": "recipes.ingredient", "pk": 612, "fields": {"title": "кисель", "unit": "г"}}, {"model": "recipes.ingredient", "pk": 613, "fields": {"title": "кисель сухой", "unit": "г"}}, {"model": "recipes.ingredient", "pk": 614, "fields": {"title": "кисломолочный напиток Тан", "unit": "мл"}}, {"model": "recipes.ingredient", "pk": 615, "fields": {"title": "кишки", "unit": "г"}}, {"model": "recipes.ingredient", "pk": 616, "fields": {"title": "клейковина", "unit": "г"}}, {"model": "recipes.ingredient", "pk": 617, "fields": {"title": "клементины", "unit": "г"}}, {"model": "recipes.ingredient", "pk": 618, "fields": {"title": "кленовый сироп", "unit": "г"}}, {"model": "recipes.ingredient", "pk": 619, "fields": {"title": "клубника", "unit": "г"}}, {"model": "recipes.ingredient", "pk": 620, "fields": {"title": "клубника в сиропе", "unit": "г"}}, {"model": "recipes.ingredient", "pk": 621, "fields": {"title": "клубника замороженная", "unit": "г"}}, {"model": "recipes.ingredient", "pk": 622, "fields": {"title": "клубника, протертая с сахаром", "unit": "г"}}, {"model": "recipes.ingredient", "pk": 623, "fields": {"title": "клубника сушеная", "unit": "г"}}, {"model": "recipes.ingredient", "pk": 624, "fields": {"title": "клубничное варенье", "unit": "г"}}, {"model": "recipes.ingredient", "pk": 625, "fields": {"title": "клубничное желе", "unit": "упаковка"}}, {"model": "recipes.ingredient", "pk": 626, "fields": {"title": "клубничное пюре", "unit": "г"}}, {"model": "recipes.ingredient", "pk": 627, "fields": {"title": "клубничный джем", "unit": "г"}}, {"model": "recipes.ingredient", "pk": 628, "fields": {"title": "клубничный джем густой", "unit": "мл"}}, {"model": "recipes.ingredient", "pk": 629, "fields": {"title": "клубничный компот", "unit": "стакан"}}, {"model": "recipes.ingredient", "pk": 630, "fields": {"title": "клубничный ликер", "unit": "г"}}, {"model": "recipes.ingredient", "pk": 631, "fields": {"title": "клубничный сироп", "unit": "г"}}, {"model": "recipes.ingredient", "pk": 632, "fields": {"title": "клюква", "unit": "г"}}, {"model": "recipes.ingredient", "pk": 633, "fields": {"title": "клюква вяленая", "unit": "г"}}, {"model": "recipes.ingredient", "pk": 634, "fields": {"title": "клюква замороженная", "unit": "г"}}, {"model": "recipes.ingredient", "pk": 635, "fields": {"title": "клюква, протертая с сахаром", "unit": "г"}}, {"model": "recipes.ingredient", "pk": 636, "fields": {"title": "клюквенное варенье", "unit": "г"}}, {"model": "recipes.ingredient", "pk": 637, "fields": {"title": "клюквенный джем", "unit": "г"}}, {"model": "recipes.ingredient", "pk": 638, "fields": {"title": "клюквенный морс", "unit": "ст. л."}}, {"model": "recipes.ingredient", "pk": 639, "fields": {"title": "клюквенный сироп", "unit": "г"}}, {"model": "recipes.ingredient", "pk": 640, "fields": {"title": "клюквенный соус", "unit": "г"}}, {"model": "recipes.ingredient", "pk": 641, "fields": {"title": "козлиная печень", "unit": "г"}}, {"model": "recipes.ingredient", "pk": 642, "fields": {"title": "козлятина молодая", "unit": "кг"}}, {"model": "recipes.ingredient", "pk": 643, "fields": {"title": "кока-кола", "unit": "ст. л."}}, {"model": "recipes.ingredient", "pk": 644, "fields": {"title": "кокосовая вода", "unit": "стакан"}}, {"model": "recipes.ingredient", "pk": 645, "fields": {"title": "кокосовая мука", "unit": "ст. л."}}, {"model": "recipes.ingredient", "pk": 646, "fields": {"title": "кокосовая стружка", "unit": "г"}}, {"model": "recipes.ingredient", "pk": 647, "fields": {"title": "кокосовая стружка цветная", "unit": "г"}}, {"model": "recipes.ingredient", "pk": 648, "fields": {"title": "кокосовое масло", "unit": "мл"}}, {"model": "recipes.ingredient", "pk": 649, "fields": {"title": "кокосовое молоко", "unit": "г"}}, {"model": "recipes.ingredient", "pk": 650, "fields": {"title": "кокосовые сливки", "unit": "г"}}, {"model": "recipes.ingredient", "pk": 651, "fields": {"title": "кокосовый ликер", "unit": "ст. л."}}, {"model": "recipes.ingredient", "pk": 652, "fields": {"title": "кокосовый экстракт", "unit": "г"}}, {"model": "recipes.ingredient", "pk": 653, "fields": {"title": "кокосы", "unit": "г"}}, {"model": "recipes.ingredient", "pk": 654, "fields": {"title": "кола", "unit": "г"}}, {"model": "recipes.ingredient", "pk": 655, "fields": {"title": "колбаса", "unit": "г"}}, {"model": "recipes.ingredient", "pk": 656, "fields": {"title": "колбаса вареная", "unit": "г"}}, {"model": "recipes.ingredient", "pk": 657, "fields": {"title": "колбаса варено-копченая", "unit": "г"}}, {"model": "recipes.ingredient", "pk": 658, "fields": {"title": "колбаса копченая", "unit": "г"}}, {"model": "recipes.ingredient", "pk": 659, "fields": {"title": "колбаса кровяная", "unit": "г"}}, {"model": "recipes.ingredient", "pk": 660, "fields": {"title": "колбаса полукопченая", "unit": "г"}}, {"model": "recipes.ingredient", "pk": 661, "fields": {"title": "колбаса сырокопченая", "unit": "г"}}, {"model": "recipes.ingredient", "pk": 662, "fields": {"title": "колбаска свиная свежая (salsiccia)", "unit": "шт."}}, {"model": "recipes.ingredient", "pk": 663, "fields": {"title": "колбаски", "unit": "г"}}, {"model": "recipes.ingredient", "pk": 664, "fields": {"title": "колбаски для жарки", "unit": "г"}}, {"model": "recipes.ingredient", "pk": 665, "fields": {"title": "колбаски домашние", "unit": "шт."}}, {"model": "recipes.ingredient", "pk": 666, "fields": {"title": "колбаски охотничьи", "unit": "г"}}, {"model": "recipes.ingredient", "pk": 667, "fields": {"title": "колбаски сырокопченые", "unit": "шт."}}, {"model": "recipes.ingredient", "pk": 668, "fields": {"title": "компот", "unit": "г"}}, {"model": "recipes.ingredient", "pk": 669, "fields": {"title": "конопляное масло", "unit": "ст. л."}}, {"model": "recipes.ingredient", "pk": 670, "fields": {"title": "конопля семена", "unit": "г"}}, {"model": "recipes.ingredient", "pk": 671, "fields": {"title": "конфеты", "unit": "по вкусу"}}, {"model": "recipes.ingredient", "pk": 672, "fields": {"title": "конфеты M&M’s", "unit": "г"}}, {"model": "recipes.ingredient", "pk": 673, "fields": {"title": "конфеты жевательные лакричные", "unit": "г"}}, {"model": "recipes.ingredient", "pk": 674, "fields": {"title": "конфеты Коровка", "unit": "г"}}, {"model": "recipes.ingredient", "pk": 675, "fields": {"title": "конфеты Трюфель", "unit": "г"}}, {"model": "recipes.ingredient", "pk": 676, "fields": {"title": "конфитюр", "unit": "по вкусу"}}, {"model": "recipes.ingredient", "pk": 677, "fields": {"title": "конфитюрка", "unit": "упаковка"}}, {"model": "recipes.ingredient", "pk": 678, "fields": {"title": "коньяк", "unit": "г"}}, {"model": "recipes.ingredient", "pk": 679, "fields": {"title": "копчености", "unit": "г"}}, {"model": "recipes.ingredient", "pk": 680, "fields": {"title": "коренья", "unit": "по вкусу"}}, {"model": "recipes.ingredient", "pk": 681, "fields": {"title": "кориандр", "unit": "г"}}, {"model": "recipes.ingredient", "pk": 682, "fields": {"title": "кориандр зелень", "unit": "г"}}, {"model": "recipes.ingredient", "pk": 683, "fields": {"title": "кориандр молотый", "unit": "г"}}, {"model": "recipes.ingredient", "pk": 684, "fields": {"title": "кориандр семена", "unit": "г"}}, {"model": "recipes.ingredient", "pk": 685, "fields": {"title": "коринка", "unit": "ст. л."}}, {"model": "recipes.ingredient", "pk": 686, "fields": {"title": "корица", "unit": "г"}}, {"model": "recipes.ingredient", "pk": 687, "fields": {"title": "корица молотая", "unit": "г"}}, {"model": "recipes.ingredient", "pk": 688, "fields": {"title": "корнишоны", "unit": "г"}}, {"model": "recipes.ingredient", "pk": 689, "fields": {"title": "корнишоны маринованые", "unit": "г"}}, {"model": "recipes.ingredient", "pk": 690, "fields": {"title": "корюшка", "unit": "г"}}, {"model": "recipes.ingredient", "pk": 691, "fields": {"title": "корюшка горячего копчения", "unit": "г"}}, {"model": "recipes.ingredient", "pk": 692, "fields": {"title": "кости", "unit": "г"}}, {"model": "recipes.ingredient", "pk": 693, "fields": {"title": "кости мозговые", "unit": "г"}}, {"model": "recipes.ingredient", "pk": 694, "fields": {"title": "кость сахарная", "unit": "г"}}, {"model": "recipes.ingredient", "pk": 695, "fields": {"title": "кофе в зернах", "unit": "стакан"}}, {"model": "recipes.ingredient", "pk": 696, "fields": {"title": "кофе зеленый", "unit": "г"}}, {"model": "recipes.ingredient", "pk": 697, "fields": {"title": "кофейные зерна в шоколаде", "unit": "г"}}, {"model": "recipes.ingredient", "pk": 698, "fields": {"title": "кофейный ликер", "unit": "г"}}, {"model": "recipes.ingredient", "pk": 699, "fields": {"title": "кофейный ликер Kahlua", "unit": "мл"}}, {"model": "recipes.ingredient", "pk": 700, "fields": {"title": "кофейный напиток", "unit": "мл"}}, {"model": "recipes.ingredient", "pk": 701, "fields": {"title": "кофейный сироп", "unit": "г"}}, {"model": "recipes.ingredient", "pk": 702, "fields": {"title": "кофейный экстракт", "unit": "мл"}}, {"model": "recipes.ingredient", "pk": 703, "fields": {"title": "кофе молотый", "unit": "ст. л."}}, {"model": "recipes.ingredient", "pk": 704, "fields": {"title": "кофе растворимый", "unit": "г"}}, {"model": "recipes.ingredient", "pk": 705, "fields": {"title": "кофе свежесваренный", "unit": "г"}}, {"model": "recipes.ingredient", "pk": 706, "fields": {"title": "кофе черный", "unit": "г"}}, {"model": "recipes.ingredient", "pk": 707, "fields": {"title": "кофе эспрессо", "unit": "стакан"}}, {"model": "recipes.ingredient", "pk": 708, "fields": {"title": "крабовое мясо", "unit": "г"}}, {"model": "recipes.ingredient", "pk": 709, "fields": {"title": "крабовые палочки", "unit": "по вкусу"}}, {"model": "recipes.ingredient", "pk": 710, "fields": {"title": "краб снежный", "unit": "по вкусу"}}, {"model": "recipes.ingredient", "pk": 711, "fields": {"title": "крабы", "unit": "г"}}, {"model": "recipes.ingredient", "pk": 712, "fields": {"title": "крапива", "unit": "г"}}, {"model": "recipes.ingredient", "pk": 713, "fields": {"title": "краситель-гель пищевой", "unit": "шт."}}, {"model": "recipes.ingredient", "pk": 714, "fields": {"title": "краситель пищевой", "unit": "г"}}, {"model": "recipes.ingredient", "pk": 715, "fields": {"title": "краситель пищевой вишневый", "unit": "щепотка"}}, {"model": "recipes.ingredient", "pk": 716, "fields": {"title": "краситель пищевой желтый", "unit": "г"}}, {"model": "recipes.ingredient", "pk": 717, "fields": {"title": "краситель пищевой зеленый", "unit": "ст. л."}}, {"model": "recipes.ingredient", "pk": 718, "fields": {"title": "краситель пищевой красный", "unit": "г"}}, {"model": "recipes.ingredient", "pk": 719, "fields": {"title": "краситель пищевой оранжевый", "unit": "г"}}, {"model": "recipes.ingredient", "pk": 720, "fields": {"title": "краситель пищевой фиолетовый", "unit": "г"}}, {"model": "recipes.ingredient", "pk": 721, "fields": {"title": "краситель пищевой черный", "unit": "г"}}, {"model": "recipes.ingredient", "pk": 722, "fields": {"title": "красная смородина", "unit": "г"}}, {"model": "recipes.ingredient", "pk": 723, "fields": {"title": "красная смородина, протертая с сахаром", "unit": "ст. л."}}, {"model": "recipes.ingredient", "pk": 724, "fields": {"title": "красноперка", "unit": "шт."}}, {"model": "recipes.ingredient", "pk": 725, "fields": {"title": "красносмородиновое варенье", "unit": "г"}}, {"model": "recipes.ingredient", "pk": 726, "fields": {"title": "красный винный соус", "unit": "г"}}, {"model": "recipes.ingredient", "pk": 727, "fields": {"title": "крахмал", "unit": "г"}}, {"model": "recipes.ingredient", "pk": 728, "fields": {"title": "креветки", "unit": "г"}}, {"model": "recipes.ingredient", "pk": 729, "fields": {"title": "креветки замороженные", "unit": "г"}}, {"model": "recipes.ingredient", "pk": 730, "fields": {"title": "креветки королевские", "unit": "г"}}, {"model": "recipes.ingredient", "pk": 731, "fields": {"title": "креветки очищенные", "unit": "г"}}, {"model": "recipes.ingredient", "pk": 732, "fields": {"title": "креветки очищенные в рассоле", "unit": "г"}}, {"model": "recipes.ingredient", "pk": 733, "fields": {"title": "креветки салатные", "unit": "г"}}, {"model": "recipes.ingredient", "pk": 734, "fields": {"title": "креветки сушеные", "unit": "г"}}, {"model": "recipes.ingredient", "pk": 735, "fields": {"title": "креветки тигровые", "unit": "г"}}, {"model": "recipes.ingredient", "pk": 736, "fields": {"title": "крекер", "unit": "г"}}, {"model": "recipes.ingredient", "pk": 737, "fields": {"title": "крекер соленый", "unit": "г"}}, {"model": "recipes.ingredient", "pk": 738, "fields": {"title": "крем заварной", "unit": "г"}}, {"model": "recipes.ingredient", "pk": 739, "fields": {"title": "крем заварной порошковый", "unit": "г"}}, {"model": "recipes.ingredient", "pk": 740, "fields": {"title": "крем-фреш", "unit": "г"}}, {"model": "recipes.ingredient", "pk": 741, "fields": {"title": "кресс-салат", "unit": "г"}}, {"model": "recipes.ingredient", "pk": 742, "fields": {"title": "кровь", "unit": "мл"}}, {"model": "recipes.ingredient", "pk": 743, "fields": {"title": "кролик", "unit": "г"}}, {"model": "recipes.ingredient", "pk": 744, "fields": {"title": "кролик тушка", "unit": "г"}}, {"model": "recipes.ingredient", "pk": 745, "fields": {"title": "кролик филе", "unit": "г"}}, {"model": "recipes.ingredient", "pk": 746, "fields": {"title": "кроличья печень", "unit": "г"}}, {"model": "recipes.ingredient", "pk": 747, "fields": {"title": "круассаны", "unit": "по вкусу"}}, {"model": "recipes.ingredient", "pk": 748, "fields": {"title": "крутоны мелкие", "unit": "г"}}, {"model": "recipes.ingredient", "pk": 749, "fields": {"title": "крыжовник", "unit": "г"}}, {"model": "recipes.ingredient", "pk": 750, "fields": {"title": "крыжовниковое варенье", "unit": "банка"}}, {"model": "recipes.ingredient", "pk": 751, "fields": {"title": "кукуруза", "unit": "г"}}, {"model": "recipes.ingredient", "pk": 752, "fields": {"title": "кукуруза замороженная", "unit": "г"}}, {"model": "recipes.ingredient", "pk": 753, "fields": {"title": "кукуруза консервированная", "unit": "г"}}, {"model": "recipes.ingredient", "pk": 754, "fields": {"title": "кукуруза обжаренная кикос", "unit": "г"}}, {"model": "recipes.ingredient", "pk": 755, "fields": {"title": "кукурузная крупа", "unit": "г"}}, {"model": "recipes.ingredient", "pk": 756, "fields": {"title": "кукурузная мука", "unit": "г"}}, {"model": "recipes.ingredient", "pk": 757, "fields": {"title": "кукурузное масло", "unit": "г"}}, {"model": "recipes.ingredient", "pk": 758, "fields": {"title": "кукурузные лепешки", "unit": "шт."}}, {"model": "recipes.ingredient", "pk": 759, "fields": {"title": "кукурузные палочки", "unit": "г"}}, {"model": "recipes.ingredient", "pk": 760, "fields": {"title": "кукурузные хлопья", "unit": "г"}}, {"model": "recipes.ingredient", "pk": 761, "fields": {"title": "кукурузные хлопья глазированные", "unit": "г"}}, {"model": "recipes.ingredient", "pk": 762, "fields": {"title": "кукурузные чипсы", "unit": "г"}}, {"model": "recipes.ingredient", "pk": 763, "fields": {"title": "кукурузный (золотой) сироп", "unit": "г"}}, {"model": "recipes.ingredient", "pk": 764, "fields": {"title": "кукурузный крахмал", "unit": "по вкусу"}}, {"model": "recipes.ingredient", "pk": 765, "fields": {"title": "кумин", "unit": "г"}}, {"model": "recipes.ingredient", "pk": 766, "fields": {"title": "кумкваты", "unit": "горсть"}}, {"model": "recipes.ingredient", "pk": 767, "fields": {"title": "кунжут", "unit": "г"}}, {"model": "recipes.ingredient", "pk": 768, "fields": {"title": "кунжутная мука", "unit": "г"}}, {"model": "recipes.ingredient", "pk": 769, "fields": {"title": "кунжутная паста", "unit": "г"}}, {"model": "recipes.ingredient", "pk": 770, "fields": {"title": "кунжутное масло", "unit": "г"}}, {"model": "recipes.ingredient", "pk": 771, "fields": {"title": "кунжутные семечки", "unit": "по вкусу"}}, {"model": "recipes.ingredient", "pk": 772, "fields": {"title": "кунжут черный", "unit": "ч. л."}}, {"model": "recipes.ingredient", "pk": 773, "fields": {"title": "купаты", "unit": "шт."}}, {"model": "recipes.ingredient", "pk": 774, "fields": {"title": "курага", "unit": "по вкусу"}}, {"model": "recipes.ingredient", "pk": 775, "fields": {"title": "курдючное сало", "unit": "г"}}, {"model": "recipes.ingredient", "pk": 776, "fields": {"title": "курдючный жир", "unit": "г"}}, {"model": "recipes.ingredient", "pk": 777, "fields": {"title": "куриная ветчина", "unit": "г"}}, {"model": "recipes.ingredient", "pk": 778, "fields": {"title": "куриная кожа", "unit": "г"}}, {"model": "recipes.ingredient", "pk": 779, "fields": {"title": "куриная печень", "unit": "г"}}, {"model": "recipes.ingredient", "pk": 780, "fields": {"title": "куриное карпаччо", "unit": "г"}}, {"model": "recipes.ingredient", "pk": 781, "fields": {"title": "куриное филе", "unit": "г"}}, {"model": "recipes.ingredient", "pk": 782, "fields": {"title": "куриные бедра", "unit": "г"}}, {"model": "recipes.ingredient", "pk": 783, "fields": {"title": "куриные голени", "unit": "г"}}, {"model": "recipes.ingredient", "pk": 784, "fields": {"title": "куриные голени копченые", "unit": "шт."}}, {"model": "recipes.ingredient", "pk": 785, "fields": {"title": "куриные грудки", "unit": "г"}}, {"model": "recipes.ingredient", "pk": 786, "fields": {"title": "куриные грудки вареные", "unit": "г"}}, {"model": "recipes.ingredient", "pk": 787, "fields": {"title": "куриные грудки копченые", "unit": "г"}}, {"model": "recipes.ingredient", "pk": 788, "fields": {"title": "куриные желудочки", "unit": "шт."}}, {"model": "recipes.ingredient", "pk": 789, "fields": {"title": "куриные кости", "unit": "г"}}, {"model": "recipes.ingredient", "pk": 790, "fields": {"title": "куриные крылья", "unit": "г"}}, {"model": "recipes.ingredient", "pk": 791, "fields": {"title": "куриные окорочка", "unit": "г"}}, {"model": "recipes.ingredient", "pk": 792, "fields": {"title": "куриные окорочка копченые", "unit": "г"}}, {"model": "recipes.ingredient", "pk": 793, "fields": {"title": "куриные потрошки", "unit": "г"}}, {"model": "recipes.ingredient", "pk": 794, "fields": {"title": "куриные сердечки", "unit": "г"}}, {"model": "recipes.ingredient", "pk": 795, "fields": {"title": "куриный бульон", "unit": "г"}}, {"model": "recipes.ingredient", "pk": 796, "fields": {"title": "куриный паштет", "unit": "г"}}, {"model": "recipes.ingredient", "pk": 797, "fields": {"title": "куриный суповой набор", "unit": "кг"}}, {"model": "recipes.ingredient", "pk": 798, "fields": {"title": "куриный фарш", "unit": "г"}}, {"model": "recipes.ingredient", "pk": 799, "fields": {"title": "курица", "unit": "г"}}, {"model": "recipes.ingredient", "pk": 800, "fields": {"title": "курица вареная", "unit": "г"}}, {"model": "recipes.ingredient", "pk": 801, "fields": {"title": "курица для жарки", "unit": "кг"}}, {"model": "recipes.ingredient", "pk": 802, "fields": {"title": "курица копченая", "unit": "г"}}, {"model": "recipes.ingredient", "pk": 803, "fields": {"title": "курица тушка", "unit": "г"}}, {"model": "recipes.ingredient", "pk": 804, "fields": {"title": "куркума", "unit": "г"}}, {"model": "recipes.ingredient", "pk": 805, "fields": {"title": "куропатки", "unit": "г"}}, {"model": "recipes.ingredient", "pk": 806, "fields": {"title": "кускус", "unit": "г"}}, {"model": "recipes.ingredient", "pk": 807, "fields": {"title": "кускус жемчужный", "unit": "стакан"}}, {"model": "recipes.ingredient", "pk": 808, "fields": {"title": "кэроб", "unit": "г"}}, {"model": "recipes.ingredient", "pk": 809, "fields": {"title": "лаванда", "unit": "г"}}, {"model": "recipes.ingredient", "pk": 810, "fields": {"title": "лаванда сушеная", "unit": "щепотка"}}, {"model": "recipes.ingredient", "pk": 811, "fields": {"title": "лавандовый краситель", "unit": "ч. л."}}, {"model": "recipes.ingredient", "pk": 812, "fields": {"title": "лаваш", "unit": "по вкусу"}}, {"model": "recipes.ingredient", "pk": 813, "fields": {"title": "лаваш армянский", "unit": "г"}}, {"model": "recipes.ingredient", "pk": 814, "fields": {"title": "лаваш персидский круглый", "unit": "г"}}, {"model": "recipes.ingredient", "pk": 815, "fields": {"title": "лаваш тонкий", "unit": "пласт"}}, {"model": "recipes.ingredient", "pk": 816, "fields": {"title": "лавровые листья свежие", "unit": "шт."}}, {"model": "recipes.ingredient", "pk": 817, "fields": {"title": "лавровый лист", "unit": "г"}}, {"model": "recipes.ingredient", "pk": 818, "fields": {"title": "лайм", "unit": "г"}}, {"model": "recipes.ingredient", "pk": 819, "fields": {"title": "лайм листья", "unit": "шт."}}, {"model": "recipes.ingredient", "pk": 820, "fields": {"title": "лаймовая цедра", "unit": "г"}}, {"model": "recipes.ingredient", "pk": 821, "fields": {"title": "лаймовый сок", "unit": "г"}}, {"model": "recipes.ingredient", "pk": 822, "fields": {"title": "лангустины", "unit": "шт."}}, {"model": "recipes.ingredient", "pk": 823, "fields": {"title": "лапша", "unit": "г"}}, {"model": "recipes.ingredient", "pk": 824, "fields": {"title": "лапша для лагмана", "unit": "упаковка"}}, {"model": "recipes.ingredient", "pk": 825, "fields": {"title": "лапша ширатаки", "unit": "г"}}, {"model": "recipes.ingredient", "pk": 826, "fields": {"title": "лапша яичная в гнездах", "unit": "шт."}}, {"model": "recipes.ingredient", "pk": 827, "fields": {"title": "латук", "unit": "г"}}, {"model": "recipes.ingredient", "pk": 828, "fields": {"title": "легкие", "unit": "г"}}, {"model": "recipes.ingredient", "pk": 829, "fields": {"title": "лед", "unit": "г"}}, {"model": "recipes.ingredient", "pk": 830, "fields": {"title": "леди-фиш тушка", "unit": "шт."}}, {"model": "recipes.ingredient", "pk": 831, "fields": {"title": "лемонграсс (лимонное сорго)", "unit": "г"}}, {"model": "recipes.ingredient", "pk": 832, "fields": {"title": "лен семена", "unit": "г"}}, {"model": "recipes.ingredient", "pk": 833, "fields": {"title": "лепешки", "unit": "г"}}, {"model": "recipes.ingredient", "pk": 834, "fields": {"title": "лепешки арабские", "unit": "шт."}}, {"model": "recipes.ingredient", "pk": 835, "fields": {"title": "лесные орехи", "unit": "г"}}, {"model": "recipes.ingredient", "pk": 836, "fields": {"title": "лечо", "unit": "г"}}, {"model": "recipes.ingredient", "pk": 837, "fields": {"title": "ливер", "unit": "г"}}, {"model": "recipes.ingredient", "pk": 838, "fields": {"title": "ликер", "unit": "г"}}, {"model": "recipes.ingredient", "pk": 839, "fields": {"title": "ликер Alchermes", "unit": "г"}}, {"model": "recipes.ingredient", "pk": 840, "fields": {"title": "ликер Amaretto", "unit": "г"}}, {"model": "recipes.ingredient", "pk": 841, "fields": {"title": "ликер Baileys", "unit": "г"}}, {"model": "recipes.ingredient", "pk": 842, "fields": {"title": "ликер Cointreau", "unit": "г"}}, {"model": "recipes.ingredient", "pk": 843, "fields": {"title": "ликер кремовый", "unit": "г"}}, {"model": "recipes.ingredient", "pk": 844, "fields": {"title": "ликер сливочный", "unit": "г"}}, {"model": "recipes.ingredient", "pk": 845, "fields": {"title": "лимонад", "unit": "г"}}, {"model": "recipes.ingredient", "pk": 846, "fields": {"title": "лимонная кислота", "unit": "г"}}, {"model": "recipes.ingredient", "pk": 847, "fields": {"title": "лимонная цедра", "unit": "г"}}, {"model": "recipes.ingredient", "pk": 848, "fields": {"title": "лимонник стебель", "unit": "г"}}, {"model": "recipes.ingredient", "pk": 849, "fields": {"title": "лимонник ягоды", "unit": "г"}}, {"model": "recipes.ingredient", "pk": 850, "fields": {"title": "лимонные корочки засахаренные", "unit": "г"}}, {"model": "recipes.ingredient", "pk": 851, "fields": {"title": "лимонные цукаты", "unit": "г"}}, {"model": "recipes.ingredient", "pk": 852, "fields": {"title": "лимонный сок", "unit": "г"}}, {"model": "recipes.ingredient", "pk": 853, "fields": {"title": "лимонный уксус", "unit": "г"}}, {"model": "recipes.ingredient", "pk": 854, "fields": {"title": "лимонный экстракт", "unit": "г"}}, {"model": "recipes.ingredient", "pk": 855, "fields": {"title": "лимончелло", "unit": "г"}}, {"model": "recipes.ingredient", "pk": 856, "fields": {"title": "лимоны", "unit": "г"}}, {"model": "recipes.ingredient", "pk": 857, "fields": {"title": "лимоны сушеные", "unit": null}}, {"model": "recipes.ingredient", "pk": 858, "fields": {"title": "лингвине", "unit": "шт."}}, {"model": "recipes.ingredient", "pk": 859, "fields": {"title": "лисички", "unit": "г"}}, {"model": "recipes.ingredient", "pk": 860, "fields": {"title": "лисички сушеные", "unit": "г"}}, {"model": "recipes.ingredient", "pk": 861, "fields": {"title": "личи", "unit": "шт."}}, {"model": "recipes.ingredient", "pk": 862, "fields": {"title": "личи компот", "unit": "г"}}, {"model": "recipes.ingredient", "pk": 863, "fields": {"title": "лобстер", "unit": "г"}}, {"model": "recipes.ingredient", "pk": 864, "fields": {"title": "лонган", "unit": "г"}}, {"model": "recipes.ingredient", "pk": 865, "fields": {"title": "лонгконг", "unit": "шт."}}, {"model": "recipes.ingredient", "pk": 866, "fields": {"title": "лососевые молоки", "unit": "г"}}, {"model": "recipes.ingredient", "pk": 867, "fields": {"title": "лососевый фарш", "unit": "г"}}, {"model": "recipes.ingredient", "pk": 868, "fields": {"title": "лосось", "unit": "г"}}, {"model": "recipes.ingredient", "pk": 869, "fields": {"title": "лосось горячего копчения", "unit": "г"}}, {"model": "recipes.ingredient", "pk": 870, "fields": {"title": "лосось копченый", "unit": "г"}}, {"model": "recipes.ingredient", "pk": 871, "fields": {"title": "лосось свежесоленый", "unit": "г"}}, {"model": "recipes.ingredient", "pk": 872, "fields": {"title": "лосось свежий", "unit": "г"}}, {"model": "recipes.ingredient", "pk": 873, "fields": {"title": "лосось свежий филе", "unit": "г"}}, {"model": "recipes.ingredient", "pk": 874, "fields": {"title": "лосось слабосоленый", "unit": "г"}}, {"model": "recipes.ingredient", "pk": 875, "fields": {"title": "лосось стейки", "unit": "г"}}, {"model": "recipes.ingredient", "pk": 876, "fields": {"title": "лосось филе", "unit": "г"}}, {"model": "recipes.ingredient", "pk": 877, "fields": {"title": "лосось филе на коже", "unit": "г"}}, {"model": "recipes.ingredient", "pk": 878, "fields": {"title": "лосось холодного копчения", "unit": "г"}}, {"model": "recipes.ingredient", "pk": 879, "fields": {"title": "лосятина", "unit": "кг"}}, {"model": "recipes.ingredient", "pk": 880, "fields": {"title": "лук белый", "unit": "по вкусу"}}, {"model": "recipes.ingredient", "pk": 881, "fields": {"title": "лук зеленый", "unit": "г"}}, {"model": "recipes.ingredient", "pk": 882, "fields": {"title": "лук красный", "unit": "по вкусу"}}, {"model": "recipes.ingredient", "pk": 883, "fields": {"title": "лук маринованный", "unit": "г"}}, {"model": "recipes.ingredient", "pk": 884, "fields": {"title": "луковая шелуха", "unit": "г"}}, {"model": "recipes.ingredient", "pk": 885, "fields": {"title": "луковый порошок", "unit": "г"}}, {"model": "recipes.ingredient", "pk": 886, "fields": {"title": "лук-порей", "unit": "горсть"}}, {"model": "recipes.ingredient", "pk": 887, "fields": {"title": "лук-резанец", "unit": "по вкусу"}}, {"model": "recipes.ingredient", "pk": 888, "fields": {"title": "лук репчатый", "unit": "г"}}, {"model": "recipes.ingredient", "pk": 889, "fields": {"title": "лук репчатый мелкий", "unit": "г"}}, {"model": "recipes.ingredient", "pk": 890, "fields": {"title": "лук салатный", "unit": "шт."}}, {"model": "recipes.ingredient", "pk": 891, "fields": {"title": "лук сушеный", "unit": "г"}}, {"model": "recipes.ingredient", "pk": 892, "fields": {"title": "лук-шалот", "unit": "г"}}, {"model": "recipes.ingredient", "pk": 893, "fields": {"title": "лук-шалот красный", "unit": "шт."}}, {"model": "recipes.ingredient", "pk": 894, "fields": {"title": "льняная мука", "unit": "г"}}, {"model": "recipes.ingredient", "pk": 895, "fields": {"title": "льняное масло", "unit": "ч. л."}}, {"model": "recipes.ingredient", "pk": 896, "fields": {"title": "льняное семя", "unit": "г"}}, {"model": "recipes.ingredient", "pk": 897, "fields": {"title": "льняное семя молотое", "unit": "г"}}, {"model": "recipes.ingredient", "pk": 898, "fields": {"title": "любисток", "unit": "г"}}, {"model": "recipes.ingredient", "pk": 899, "fields": {"title": "маасдам", "unit": "г"}}, {"model": "recipes.ingredient", "pk": 900, "fields": {"title": "мадера", "unit": "г"}}, {"model": "recipes.ingredient", "pk": 901, "fields": {"title": "майонез", "unit": "г"}}, {"model": "recipes.ingredient", "pk": 902, "fields": {"title": "майонез домашний", "unit": "г"}}, {"model": "recipes.ingredient", "pk": 903, "fields": {"title": "майонез легкий", "unit": "г"}}, {"model": "recipes.ingredient", "pk": 904, "fields": {"title": "майонезный соус «Слобода» Постный", "unit": "г"}}, {"model": "recipes.ingredient", "pk": 905, "fields": {"title": "майонез оливковый", "unit": "г"}}, {"model": "recipes.ingredient", "pk": 906, "fields": {"title": "майонез «Слобода» Легкий", "unit": "г"}}, {"model": "recipes.ingredient", "pk": 907, "fields": {"title": "майонез «Слобода» На перепелиных яйцах", "unit": "г"}}, {"model": "recipes.ingredient", "pk": 908, "fields": {"title": "майонез «Слобода» Оливковый", "unit": "г"}}, {"model": "recipes.ingredient", "pk": 909, "fields": {"title": "майонез «Слобода» Провансаль", "unit": "г"}}, {"model": "recipes.ingredient", "pk": 910, "fields": {"title": "майонез «Слобода» С лимонным соком", "unit": "г"}}, {"model": "recipes.ingredient", "pk": 911, "fields": {"title": "майонез «Слобода» Сметанный", "unit": "г"}}, {"model": "recipes.ingredient", "pk": 912, "fields": {"title": "майоран", "unit": "г"}}, {"model": "recipes.ingredient", "pk": 913, "fields": {"title": "майоран свежий", "unit": "по вкусу"}}, {"model": "recipes.ingredient", "pk": 914, "fields": {"title": "майоран сушеный", "unit": "г"}}, {"model": "recipes.ingredient", "pk": 915, "fields": {"title": "мак", "unit": "г"}}, {"model": "recipes.ingredient", "pk": 916, "fields": {"title": "макаронные изделия", "unit": "г"}}, {"model": "recipes.ingredient", "pk": 917, "fields": {"title": "макаронные изделия мелкие", "unit": "г"}}, {"model": "recipes.ingredient", "pk": 918, "fields": {"title": "макароны", "unit": "г"}}, {"model": "recipes.ingredient", "pk": 919, "fields": {"title": "макароны-бабочки (farfalle)", "unit": "г"}}, {"model": "recipes.ingredient", "pk": 920, "fields": {"title": "макароны-бабочки (farfalle) мини", "unit": "г"}}, {"model": "recipes.ingredient", "pk": 921, "fields": {"title": "макароны баветте", "unit": "г"}}, {"model": "recipes.ingredient", "pk": 922, "fields": {"title": "макароны-бантики", "unit": "г"}}, {"model": "recipes.ingredient", "pk": 923, "fields": {"title": "макароны букатини", "unit": "г"}}, {"model": "recipes.ingredient", "pk": 924, "fields": {"title": "макароны джильи", "unit": "г"}}, {"model": "recipes.ingredient", "pk": 925, "fields": {"title": "макароны диталони", "unit": "г"}}, {"model": "recipes.ingredient", "pk": 926, "fields": {"title": "макароны-звездочки", "unit": "стакан"}}, {"model": "recipes.ingredient", "pk": 927, "fields": {"title": "макароны орзо", "unit": "г"}}, {"model": "recipes.ingredient", "pk": 928, "fields": {"title": "макароны-ракушки (conchiglie)", "unit": "г"}}, {"model": "recipes.ingredient", "pk": 929, "fields": {"title": "макароны-ракушки (conchiglie rigate)", "unit": "г"}}, {"model": "recipes.ingredient", "pk": 930, "fields": {"title": "макароны-ракушки крупные", "unit": "г"}}, {"model": "recipes.ingredient", "pk": 931, "fields": {"title": "макароны рисони", "unit": "г"}}, {"model": "recipes.ingredient", "pk": 932, "fields": {"title": "макароны-рожки (pipe rigate)", "unit": "г"}}, {"model": "recipes.ingredient", "pk": 933, "fields": {"title": "макароны-спиральки (fusilli)", "unit": "г"}}, {"model": "recipes.ingredient", "pk": 934, "fields": {"title": "макароны-ушки (orecchiette)", "unit": "г"}}, {"model": "recipes.ingredient", "pk": 935, "fields": {"title": "маккерончини", "unit": "г"}}, {"model": "recipes.ingredient", "pk": 936, "fields": {"title": "мак молотый", "unit": "г"}}, {"model": "recipes.ingredient", "pk": 937, "fields": {"title": "маковая масса", "unit": "пачка"}}, {"model": "recipes.ingredient", "pk": 938, "fields": {"title": "малина", "unit": "г"}}, {"model": "recipes.ingredient", "pk": 939, "fields": {"title": "малина замороженная", "unit": "г"}}, {"model": "recipes.ingredient", "pk": 940, "fields": {"title": "малина, протертая с сахаром", "unit": "стакан"}}, {"model": "recipes.ingredient", "pk": 941, "fields": {"title": "малина сушеная", "unit": "г"}}, {"model": "recipes.ingredient", "pk": 942, "fields": {"title": "малиновое варенье", "unit": "г"}}, {"model": "recipes.ingredient", "pk": 943, "fields": {"title": "малиновое желе", "unit": "г"}}, {"model": "recipes.ingredient", "pk": 944, "fields": {"title": "малиновое пюре", "unit": "г"}}, {"model": "recipes.ingredient", "pk": 945, "fields": {"title": "малиновый джем", "unit": "г"}}, {"model": "recipes.ingredient", "pk": 946, "fields": {"title": "малиновый крем", "unit": "г"}}, {"model": "recipes.ingredient", "pk": 947, "fields": {"title": "малиновый сироп", "unit": "ч. л."}}, {"model": "recipes.ingredient", "pk": 948, "fields": {"title": "малиновый соус", "unit": "ч. л."}}, {"model": "recipes.ingredient", "pk": 949, "fields": {"title": "малиновый уксус", "unit": "мл"}}, {"model": "recipes.ingredient", "pk": 950, "fields": {"title": "малиновый чай", "unit": "г"}}, {"model": "recipes.ingredient", "pk": 951, "fields": {"title": "манго", "unit": "по вкусу"}}, {"model": "recipes.ingredient", "pk": 952, "fields": {"title": "манговый сироп", "unit": "мл"}}, {"model": "recipes.ingredient", "pk": 953, "fields": {"title": "манго консервированное", "unit": "г"}}, {"model": "recipes.ingredient", "pk": 954, "fields": {"title": "мангольд", "unit": "г"}}, {"model": "recipes.ingredient", "pk": 955, "fields": {"title": "мангустин", "unit": "шт."}}, {"model": "recipes.ingredient", "pk": 956, "fields": {"title": "мандариновое пюре", "unit": "г"}}, {"model": "recipes.ingredient", "pk": 957, "fields": {"title": "мандариновые цукаты", "unit": "г"}}, {"model": "recipes.ingredient", "pk": 958, "fields": {"title": "мандариновый сок", "unit": "г"}}, {"model": "recipes.ingredient", "pk": 959, "fields": {"title": "мандарины", "unit": "по вкусу"}}, {"model": "recipes.ingredient", "pk": 960, "fields": {"title": "мандарины в собственном соку", "unit": "г"}}, {"model": "recipes.ingredient", "pk": 961, "fields": {"title": "манная крупа", "unit": "г"}}, {"model": "recipes.ingredient", "pk": 962, "fields": {"title": "маракуйя", "unit": "г"}}, {"model": "recipes.ingredient", "pk": 963, "fields": {"title": "маргарин", "unit": "г"}}, {"model": "recipes.ingredient", "pk": 964, "fields": {"title": "маргарин сливочный", "unit": "г"}}, {"model": "recipes.ingredient", "pk": 965, "fields": {"title": "мармелад", "unit": "по вкусу"}}, {"model": "recipes.ingredient", "pk": 966, "fields": {"title": "мармелад бутербродный", "unit": "г"}}, {"model": "recipes.ingredient", "pk": 967, "fields": {"title": "марсала", "unit": "стакан"}}, {"model": "recipes.ingredient", "pk": 968, "fields": {"title": "мартини", "unit": "г"}}, {"model": "recipes.ingredient", "pk": 969, "fields": {"title": "мартини красный", "unit": "г"}}, {"model": "recipes.ingredient", "pk": 970, "fields": {"title": "марципан", "unit": "по вкусу"}}, {"model": "recipes.ingredient", "pk": 971, "fields": {"title": "марципан зеленый", "unit": "г"}}, {"model": "recipes.ingredient", "pk": 972, "fields": {"title": "марципан розовый", "unit": "г"}}, {"model": "recipes.ingredient", "pk": 973, "fields": {"title": "маршмеллоу", "unit": "г"}}, {"model": "recipes.ingredient", "pk": 974, "fields": {"title": "маршмеллоу крем", "unit": "г"}}, {"model": "recipes.ingredient", "pk": 975, "fields": {"title": "маршмеллоу мини", "unit": "г"}}, {"model": "recipes.ingredient", "pk": 976, "fields": {"title": "маскарпоне", "unit": "г"}}, {"model": "recipes.ingredient", "pk": 977, "fields": {"title": "маслины", "unit": "г"}}, {"model": "recipes.ingredient", "pk": 978, "fields": {"title": "маслины без косточек", "unit": "г"}}, {"model": "recipes.ingredient", "pk": 979, "fields": {"title": "масло авокадо", "unit": "г"}}, {"model": "recipes.ingredient", "pk": 980, "fields": {"title": "масло виноградных косточек", "unit": "г"}}, {"model": "recipes.ingredient", "pk": 981, "fields": {"title": "масло грецкого ореха", "unit": "ч. л."}}, {"model": "recipes.ingredient", "pk": 982, "fields": {"title": "масло для фритюра", "unit": "г"}}, {"model": "recipes.ingredient", "pk": 983, "fields": {"title": "масло кедрового ореха", "unit": "г"}}, {"model": "recipes.ingredient", "pk": 984, "fields": {"title": "маслята", "unit": "г"}}, {"model": "recipes.ingredient", "pk": 985, "fields": {"title": "мастика", "unit": "г"}}, {"model": "recipes.ingredient", "pk": 986, "fields": {"title": "мастика желатиновая", "unit": "г"}}, {"model": "recipes.ingredient", "pk": 987, "fields": {"title": "мастика шоколадная", "unit": "г"}}, {"model": "recipes.ingredient", "pk": 988, "fields": {"title": "матча", "unit": "г"}}, {"model": "recipes.ingredient", "pk": 989, "fields": {"title": "мафальдине", "unit": "г"}}, {"model": "recipes.ingredient", "pk": 990, "fields": {"title": "маца", "unit": "г"}}, {"model": "recipes.ingredient", "pk": 991, "fields": {"title": "мацони", "unit": "г"}}, {"model": "recipes.ingredient", "pk": 992, "fields": {"title": "маш", "unit": "г"}}, {"model": "recipes.ingredient", "pk": 993, "fields": {"title": "мед", "unit": "г"}}, {"model": "recipes.ingredient", "pk": 994, "fields": {"title": "мед акации", "unit": "г"}}, {"model": "recipes.ingredient", "pk": 995, "fields": {"title": "мед гречишный", "unit": "г"}}, {"model": "recipes.ingredient", "pk": 996, "fields": {"title": "мед жидкий", "unit": "г"}}, {"model": "recipes.ingredient", "pk": 997, "fields": {"title": "мед лавандовый", "unit": "г"}}, {"model": "recipes.ingredient", "pk": 998, "fields": {"title": "мелисса", "unit": "г"}}, {"model": "recipes.ingredient", "pk": 999, "fields": {"title": "меренги", "unit": "шт."}}, {"model": "recipes.ingredient", "pk": 1000, "fields": {"title": "мидии", "unit": "г"}}, {"model": "recipes.ingredient", "pk": 1001, "fields": {"title": "мидии в раковинах", "unit": "г"}}, {"model": "recipes.ingredient", "pk": 1002, "fields": {"title": "мидии в раковинах крупные черные", "unit": "г"}}, {"model": "recipes.ingredient", "pk": 1003, "fields": {"title": "мидии в раковинах мелкие зеленые", "unit": "г"}}, {"model": "recipes.ingredient", "pk": 1004, "fields": {"title": "мидии замороженные", "unit": "шт."}}, {"model": "recipes.ingredient", "pk": 1005, "fields": {"title": "мидии копченые в масле", "unit": "г"}}, {"model": "recipes.ingredient", "pk": 1006, "fields": {"title": "микрозелень", "unit": "горсть"}}, {"model": "recipes.ingredient", "pk": 1007, "fields": {"title": "миндаль", "unit": "г"}}, {"model": "recipes.ingredient", "pk": 1008, "fields": {"title": "миндаль жареный", "unit": "г"}}, {"model": "recipes.ingredient", "pk": 1009, "fields": {"title": "миндаль измельченный", "unit": "г"}}, {"model": "recipes.ingredient", "pk": 1010, "fields": {"title": "миндальная масса", "unit": "г"}}, {"model": "recipes.ingredient", "pk": 1011, "fields": {"title": "миндальная мука", "unit": "г"}}, {"model": "recipes.ingredient", "pk": 1012, "fields": {"title": "миндальная паста", "unit": "г"}}, {"model": "recipes.ingredient", "pk": 1013, "fields": {"title": "миндальная эссенция", "unit": "г"}}, {"model": "recipes.ingredient", "pk": 1014, "fields": {"title": "миндальное масло", "unit": "г"}}, {"model": "recipes.ingredient", "pk": 1015, "fields": {"title": "миндальное молоко", "unit": "г"}}, {"model": "recipes.ingredient", "pk": 1016, "fields": {"title": "миндальное печенье", "unit": "г"}}, {"model": "recipes.ingredient", "pk": 1017, "fields": {"title": "миндальное пралине", "unit": "г"}}, {"model": "recipes.ingredient", "pk": 1018, "fields": {"title": "миндальные лепестки", "unit": "г"}}, {"model": "recipes.ingredient", "pk": 1019, "fields": {"title": "миндальный ликер", "unit": "г"}}, {"model": "recipes.ingredient", "pk": 1020, "fields": {"title": "миндальный сироп", "unit": "г"}}, {"model": "recipes.ingredient", "pk": 1021, "fields": {"title": "миндальный экстракт", "unit": "капля"}}, {"model": "recipes.ingredient", "pk": 1022, "fields": {"title": "миндаль очищенный", "unit": "г"}}, {"model": "recipes.ingredient", "pk": 1023, "fields": {"title": "миндаль рубленый", "unit": "г"}}, {"model": "recipes.ingredient", "pk": 1024, "fields": {"title": "мини-кукуруза", "unit": "шт."}}, {"model": "recipes.ingredient", "pk": 1025, "fields": {"title": "минога", "unit": "г"}}, {"model": "recipes.ingredient", "pk": 1026, "fields": {"title": "минтай", "unit": "г"}}, {"model": "recipes.ingredient", "pk": 1027, "fields": {"title": "минтай печень", "unit": "г"}}, {"model": "recipes.ingredient", "pk": 1028, "fields": {"title": "минтай филе", "unit": "г"}}, {"model": "recipes.ingredient", "pk": 1029, "fields": {"title": "мисо-паста", "unit": "г"}}, {"model": "recipes.ingredient", "pk": 1030, "fields": {"title": "мисо-суп", "unit": "пакет"}}, {"model": "recipes.ingredient", "pk": 1031, "fields": {"title": "можжевельник ягоды", "unit": "г"}}, {"model": "recipes.ingredient", "pk": 1032, "fields": {"title": "мойва", "unit": "г"}}, {"model": "recipes.ingredient", "pk": 1033, "fields": {"title": "моллюски", "unit": "г"}}, {"model": "recipes.ingredient", "pk": 1034, "fields": {"title": "молоко", "unit": "г"}}, {"model": "recipes.ingredient", "pk": 1035, "fields": {"title": "молоко 0,5%", "unit": "г"}}, {"model": "recipes.ingredient", "pk": 1036, "fields": {"title": "молоко 1,5%", "unit": "г"}}, {"model": "recipes.ingredient", "pk": 1037, "fields": {"title": "молоко 2,5%", "unit": "г"}}, {"model": "recipes.ingredient", "pk": 1038, "fields": {"title": "молоко 3,2%", "unit": "г"}}, {"model": "recipes.ingredient", "pk": 1039, "fields": {"title": "молоко 3,6%", "unit": "г"}}, {"model": "recipes.ingredient", "pk": 1040, "fields": {"title": "молоко 4%", "unit": "г"}}, {"model": "recipes.ingredient", "pk": 1041, "fields": {"title": "молоко 6%", "unit": "г"}}, {"model": "recipes.ingredient", "pk": 1042, "fields": {"title": "молоко козье", "unit": "г"}}, {"model": "recipes.ingredient", "pk": 1043, "fields": {"title": "молоко концентрированное", "unit": "г"}}, {"model": "recipes.ingredient", "pk": 1044, "fields": {"title": "молоко рисовое", "unit": "мл"}}, {"model": "recipes.ingredient", "pk": 1045, "fields": {"title": "молоко сгущенное", "unit": "г"}}, {"model": "recipes.ingredient", "pk": 1046, "fields": {"title": "молоко сгущенное вареное", "unit": "ст. л."}}, {"model": "recipes.ingredient", "pk": 1047, "fields": {"title": "молоко сгущенное с какао", "unit": "г"}}, {"model": "recipes.ingredient", "pk": 1048, "fields": {"title": "молоко сухое", "unit": "г"}}, {"model": "recipes.ingredient", "pk": 1049, "fields": {"title": "молоко сухое обезжиренное", "unit": "ст. л."}}, {"model": "recipes.ingredient", "pk": 1050, "fields": {"title": "молоко топленое", "unit": "г"}}, {"model": "recipes.ingredient", "pk": 1051, "fields": {"title": "молочная смесь", "unit": "г"}}, {"model": "recipes.ingredient", "pk": 1052, "fields": {"title": "молочные продукты", "unit": "г"}}, {"model": "recipes.ingredient", "pk": 1053, "fields": {"title": "морепродукты", "unit": "шт."}}, {"model": "recipes.ingredient", "pk": 1054, "fields": {"title": "морковное пюре", "unit": "г"}}, {"model": "recipes.ingredient", "pk": 1055, "fields": {"title": "морковь", "unit": "г"}}, {"model": "recipes.ingredient", "pk": 1056, "fields": {"title": "морковь вареная", "unit": "г"}}, {"model": "recipes.ingredient", "pk": 1057, "fields": {"title": "морковь крупная", "unit": "г"}}, {"model": "recipes.ingredient", "pk": 1058, "fields": {"title": "морковь молодая", "unit": "г"}}, {"model": "recipes.ingredient", "pk": 1059, "fields": {"title": "морковь по-корейски", "unit": "г"}}, {"model": "recipes.ingredient", "pk": 1060, "fields": {"title": "морковь тертая", "unit": "шт."}}, {"model": "recipes.ingredient", "pk": 1061, "fields": {"title": "мороженое", "unit": "по вкусу"}}, {"model": "recipes.ingredient", "pk": 1062, "fields": {"title": "мороженое ванильное", "unit": "г"}}, {"model": "recipes.ingredient", "pk": 1063, "fields": {"title": "мороженое клубничное", "unit": "г"}}, {"model": "recipes.ingredient", "pk": 1064, "fields": {"title": "мороженое лимонное", "unit": "по вкусу"}}, {"model": "recipes.ingredient", "pk": 1065, "fields": {"title": "мороженое малиновое", "unit": "г"}}, {"model": "recipes.ingredient", "pk": 1066, "fields": {"title": "мороженое пломбир", "unit": "г"}}, {"model": "recipes.ingredient", "pk": 1067, "fields": {"title": "мороженое шоколадное", "unit": "мл"}}, {"model": "recipes.ingredient", "pk": 1068, "fields": {"title": "морошка", "unit": "г"}}, {"model": "recipes.ingredient", "pk": 1069, "fields": {"title": "морские гребешки", "unit": "кг"}}, {"model": "recipes.ingredient", "pk": 1070, "fields": {"title": "морской коктейль", "unit": "г"}}, {"model": "recipes.ingredient", "pk": 1071, "fields": {"title": "морской коктейль в масле", "unit": "упаковка"}}, {"model": "recipes.ingredient", "pk": 1072, "fields": {"title": "морской коктейль замороженный", "unit": "г"}}, {"model": "recipes.ingredient", "pk": 1073, "fields": {"title": "морской черт", "unit": "г"}}, {"model": "recipes.ingredient", "pk": 1074, "fields": {"title": "морской язык", "unit": "г"}}, {"model": "recipes.ingredient", "pk": 1075, "fields": {"title": "морской язык филе", "unit": "г"}}, {"model": "recipes.ingredient", "pk": 1076, "fields": {"title": "мортаделла", "unit": "г"}}, {"model": "recipes.ingredient", "pk": 1077, "fields": {"title": "моцарелла", "unit": "г"}}, {"model": "recipes.ingredient", "pk": 1078, "fields": {"title": "моцарелла для запекания", "unit": "г"}}, {"model": "recipes.ingredient", "pk": 1079, "fields": {"title": "моцарелла для пиццы", "unit": "г"}}, {"model": "recipes.ingredient", "pk": 1080, "fields": {"title": "моцарелла мини", "unit": "г"}}, {"model": "recipes.ingredient", "pk": 1081, "fields": {"title": "моцарелла с травами", "unit": "г"}}, {"model": "recipes.ingredient", "pk": 1082, "fields": {"title": "моцарелла шарик большой", "unit": "г"}}, {"model": "recipes.ingredient", "pk": 1083, "fields": {"title": "мука", "unit": "г"}}, {"model": "recipes.ingredient", "pk": 1084, "fields": {"title": "мука 1 сорт", "unit": "г"}}, {"model": "recipes.ingredient", "pk": 1085, "fields": {"title": "мука 2 сорт", "unit": "г"}}, {"model": "recipes.ingredient", "pk": 1086, "fields": {"title": "мука «Аладушкин»", "unit": "г"}}, {"model": "recipes.ingredient", "pk": 1087, "fields": {"title": "мука грубого помола", "unit": "г"}}, {"model": "recipes.ingredient", "pk": 1088, "fields": {"title": "мука для темпуры", "unit": "г"}}, {"model": "recipes.ingredient", "pk": 1089, "fields": {"title": "мука из пророщенной пшеницы", "unit": "ст. л."}}, {"model": "recipes.ingredient", "pk": 1090, "fields": {"title": "мука манитоба", "unit": "г"}}, {"model": "recipes.ingredient", "pk": 1091, "fields": {"title": "мука самоподнимающаяся", "unit": "г"}}, {"model": "recipes.ingredient", "pk": 1092, "fields": {"title": "мука с отрубями", "unit": "ч. л."}}, {"model": "recipes.ingredient", "pk": 1093, "fields": {"title": "мука с семечками", "unit": "г"}}, {"model": "recipes.ingredient", "pk": 1094, "fields": {"title": "мука хлебопекарная", "unit": "г"}}, {"model": "recipes.ingredient", "pk": 1095, "fields": {"title": "мука цельнозерновая", "unit": "г"}}, {"model": "recipes.ingredient", "pk": 1096, "fields": {"title": "мускат белый", "unit": "мл"}}, {"model": "recipes.ingredient", "pk": 1097, "fields": {"title": "мускатное вино", "unit": "г"}}, {"model": "recipes.ingredient", "pk": 1098, "fields": {"title": "мускатный орех", "unit": "г"}}, {"model": "recipes.ingredient", "pk": 1099, "fields": {"title": "мускатный орех молотый", "unit": "г"}}, {"model": "recipes.ingredient", "pk": 1100, "fields": {"title": "мюсли", "unit": "г"}}, {"model": "recipes.ingredient", "pk": 1101, "fields": {"title": "мягкий творог", "unit": "г"}}, {"model": "recipes.ingredient", "pk": 1102, "fields": {"title": "мясной бульон", "unit": "г"}}, {"model": "recipes.ingredient", "pk": 1103, "fields": {"title": "мясной фарш", "unit": "г"}}, {"model": "recipes.ingredient", "pk": 1104, "fields": {"title": "мясо", "unit": "г"}}, {"model": "recipes.ingredient", "pk": 1105, "fields": {"title": "мясо дикого кабана", "unit": "г"}}, {"model": "recipes.ingredient", "pk": 1106, "fields": {"title": "мясо криля", "unit": "г"}}, {"model": "recipes.ingredient", "pk": 1107, "fields": {"title": "мясо на косточке", "unit": "кг"}}, {"model": "recipes.ingredient", "pk": 1108, "fields": {"title": "мята", "unit": "г"}}, {"model": "recipes.ingredient", "pk": 1109, "fields": {"title": "мята сушеная", "unit": "г"}}, {"model": "recipes.ingredient", "pk": 1110, "fields": {"title": "мятный сироп", "unit": "г"}}, {"model": "recipes.ingredient", "pk": 1111, "fields": {"title": "мятный шнапс", "unit": "г"}}, {"model": "recipes.ingredient", "pk": 1112, "fields": {"title": "нардек", "unit": "г"}}, {"model": "recipes.ingredient", "pk": 1113, "fields": {"title": "нектарины", "unit": "шт."}}, {"model": "recipes.ingredient", "pk": 1114, "fields": {"title": "нога ягненка без кости", "unit": "г"}}, {"model": "recipes.ingredient", "pk": 1115, "fields": {"title": "нори", "unit": "г"}}, {"model": "recipes.ingredient", "pk": 1116, "fields": {"title": "нуга", "unit": "г"}}, {"model": "recipes.ingredient", "pk": 1117, "fields": {"title": "нуга с орехами", "unit": "г"}}, {"model": "recipes.ingredient", "pk": 1118, "fields": {"title": "нут", "unit": "г"}}, {"model": "recipes.ingredient", "pk": 1119, "fields": {"title": "нутелла", "unit": "г"}}, {"model": "recipes.ingredient", "pk": 1120, "fields": {"title": "нут консервированный", "unit": "г"}}, {"model": "recipes.ingredient", "pk": 1121, "fields": {"title": "нутовая мука", "unit": "г"}}, {"model": "recipes.ingredient", "pk": 1122, "fields": {"title": "облепиха", "unit": "г"}}, {"model": "recipes.ingredient", "pk": 1123, "fields": {"title": "облепиха замороженная", "unit": "г"}}, {"model": "recipes.ingredient", "pk": 1124, "fields": {"title": "облепиховый сироп", "unit": "стакан"}}, {"model": "recipes.ingredient", "pk": 1125, "fields": {"title": "овощи", "unit": "г"}}, {"model": "recipes.ingredient", "pk": 1126, "fields": {"title": "овощная смесь", "unit": "г"}}, {"model": "recipes.ingredient", "pk": 1127, "fields": {"title": "овощная смесь замороженная", "unit": "г"}}, {"model": "recipes.ingredient", "pk": 1128, "fields": {"title": "овощная смесь замороженная для wok", "unit": "г"}}, {"model": "recipes.ingredient", "pk": 1129, "fields": {"title": "овощная смесь по-китайски", "unit": "г"}}, {"model": "recipes.ingredient", "pk": 1130, "fields": {"title": "овощной бульон", "unit": "по вкусу"}}, {"model": "recipes.ingredient", "pk": 1131, "fields": {"title": "овсяная мука", "unit": "г"}}, {"model": "recipes.ingredient", "pk": 1132, "fields": {"title": "овсяное молоко", "unit": "стакан"}}, {"model": "recipes.ingredient", "pk": 1133, "fields": {"title": "овсяное печенье", "unit": "г"}}, {"model": "recipes.ingredient", "pk": 1134, "fields": {"title": "овсяное толокно", "unit": "г"}}, {"model": "recipes.ingredient", "pk": 1135, "fields": {"title": "овсяные зерна", "unit": "г"}}, {"model": "recipes.ingredient", "pk": 1136, "fields": {"title": "овсяные отруби", "unit": "г"}}, {"model": "recipes.ingredient", "pk": 1137, "fields": {"title": "овсяные хлопья", "unit": "г"}}, {"model": "recipes.ingredient", "pk": 1138, "fields": {"title": "овсяные хлопья быстрого приготовления", "unit": "г"}}, {"model": "recipes.ingredient", "pk": 1139, "fields": {"title": "огуречный рассол", "unit": "стакан"}}, {"model": "recipes.ingredient", "pk": 1140, "fields": {"title": "огурцы", "unit": "г"}}, {"model": "recipes.ingredient", "pk": 1141, "fields": {"title": "огурцы консервированные", "unit": "шт."}}, {"model": "recipes.ingredient", "pk": 1142, "fields": {"title": "огурцы малосольные", "unit": "шт."}}, {"model": "recipes.ingredient", "pk": 1143, "fields": {"title": "огурцы маринованные", "unit": "банка"}}, {"model": "recipes.ingredient", "pk": 1144, "fields": {"title": "огурцы свежие", "unit": "г"}}, {"model": "recipes.ingredient", "pk": 1145, "fields": {"title": "огурцы соленые", "unit": "г"}}, {"model": "recipes.ingredient", "pk": 1146, "fields": {"title": "одуванчики", "unit": "г"}}, {"model": "recipes.ingredient", "pk": 1147, "fields": {"title": "окорок", "unit": "г"}}, {"model": "recipes.ingredient", "pk": 1148, "fields": {"title": "окорок варено-копченый", "unit": "г"}}, {"model": "recipes.ingredient", "pk": 1149, "fields": {"title": "окунь", "unit": "г"}}, {"model": "recipes.ingredient", "pk": 1150, "fields": {"title": "окунь красный филе", "unit": "г"}}, {"model": "recipes.ingredient", "pk": 1151, "fields": {"title": "окунь морской", "unit": "г"}}, {"model": "recipes.ingredient", "pk": 1152, "fields": {"title": "окунь морской филе", "unit": "г"}}, {"model": "recipes.ingredient", "pk": 1153, "fields": {"title": "окунь филе", "unit": "г"}}, {"model": "recipes.ingredient", "pk": 1154, "fields": {"title": "оленина", "unit": "г"}}, {"model": "recipes.ingredient", "pk": 1155, "fields": {"title": "оливки", "unit": "г"}}, {"model": "recipes.ingredient", "pk": 1156, "fields": {"title": "оливки без косточек", "unit": "г"}}, {"model": "recipes.ingredient", "pk": 1157, "fields": {"title": "оливки зеленые", "unit": "по вкусу"}}, {"model": "recipes.ingredient", "pk": 1158, "fields": {"title": "оливки зеленые консервированные", "unit": "банка"}}, {"model": "recipes.ingredient", "pk": 1159, "fields": {"title": "оливки каламата", "unit": "г"}}, {"model": "recipes.ingredient", "pk": 1160, "fields": {"title": "оливки консервированные", "unit": "г"}}, {"model": "recipes.ingredient", "pk": 1161, "fields": {"title": "оливки, фаршированные анчоусами", "unit": "г"}}, {"model": "recipes.ingredient", "pk": 1162, "fields": {"title": "оливки черные", "unit": "по вкусу"}}, {"model": "recipes.ingredient", "pk": 1163, "fields": {"title": "оливковая паста", "unit": "г"}}, {"model": "recipes.ingredient", "pk": 1164, "fields": {"title": "оливковое масло", "unit": "г"}}, {"model": "recipes.ingredient", "pk": 1165, "fields": {"title": "оливковое масло Extra Virgin", "unit": "г"}}, {"model": "recipes.ingredient", "pk": 1166, "fields": {"title": "опунция плоды", "unit": "г"}}, {"model": "recipes.ingredient", "pk": 1167, "fields": {"title": "опята", "unit": "по вкусу"}}, {"model": "recipes.ingredient", "pk": 1168, "fields": {"title": "опята замороженные", "unit": "г"}}, {"model": "recipes.ingredient", "pk": 1169, "fields": {"title": "опята маринованные", "unit": "г"}}, {"model": "recipes.ingredient", "pk": 1170, "fields": {"title": "орегано", "unit": "г"}}, {"model": "recipes.ingredient", "pk": 1171, "fields": {"title": "орегано свежий", "unit": "г"}}, {"model": "recipes.ingredient", "pk": 1172, "fields": {"title": "орегано сушеный", "unit": "г"}}, {"model": "recipes.ingredient", "pk": 1173, "fields": {"title": "орехи", "unit": "г"}}, {"model": "recipes.ingredient", "pk": 1174, "fields": {"title": "орехи бразильские", "unit": "г"}}, {"model": "recipes.ingredient", "pk": 1175, "fields": {"title": "орехи макадамия", "unit": "г"}}, {"model": "recipes.ingredient", "pk": 1176, "fields": {"title": "орехи пекан", "unit": "г"}}, {"model": "recipes.ingredient", "pk": 1177, "fields": {"title": "орехи пекан засахаренные", "unit": null}}, {"model": "recipes.ingredient", "pk": 1178, "fields": {"title": "орехи пинии", "unit": "г"}}, {"model": "recipes.ingredient", "pk": 1179, "fields": {"title": "ореховая крошка", "unit": "стакан"}}, {"model": "recipes.ingredient", "pk": 1180, "fields": {"title": "ореховая паста", "unit": "шт."}}, {"model": "recipes.ingredient", "pk": 1181, "fields": {"title": "ореховое масло", "unit": "ст. л."}}, {"model": "recipes.ingredient", "pk": 1182, "fields": {"title": "ореховый ликер", "unit": "мл"}}, {"model": "recipes.ingredient", "pk": 1183, "fields": {"title": "ореховый соус", "unit": "ст. л."}}, {"model": "recipes.ingredient", "pk": 1184, "fields": {"title": "осетр", "unit": "г"}}, {"model": "recipes.ingredient", "pk": 1185, "fields": {"title": "осетрина холодного копчения", "unit": "г"}}, {"model": "recipes.ingredient", "pk": 1186, "fields": {"title": "осьминог", "unit": "г"}}, {"model": "recipes.ingredient", "pk": 1187, "fields": {"title": "осьминоги консервированные", "unit": "г"}}, {"model": "recipes.ingredient", "pk": 1188, "fields": {"title": "осьминоги мини", "unit": "г"}}, {"model": "recipes.ingredient", "pk": 1189, "fields": {"title": "отруби", "unit": "г"}}, {"model": "recipes.ingredient", "pk": 1190, "fields": {"title": "ошеек", "unit": "г"}}, {"model": "recipes.ingredient", "pk": 1191, "fields": {"title": "пагр", "unit": "г"}}, {"model": "recipes.ingredient", "pk": 1192, "fields": {"title": "пажитник", "unit": "г"}}, {"model": "recipes.ingredient", "pk": 1193, "fields": {"title": "пажитник семена", "unit": "г"}}, {"model": "recipes.ingredient", "pk": 1194, "fields": {"title": "палтус", "unit": "г"}}, {"model": "recipes.ingredient", "pk": 1195, "fields": {"title": "пальмовое масло", "unit": "г"}}, {"model": "recipes.ingredient", "pk": 1196, "fields": {"title": "пангасиус", "unit": "г"}}, {"model": "recipes.ingredient", "pk": 1197, "fields": {"title": "панеттоне", "unit": "шт."}}, {"model": "recipes.ingredient", "pk": 1198, "fields": {"title": "Панифарин", "unit": "г"}}, {"model": "recipes.ingredient", "pk": 1199, "fields": {"title": "панчетта", "unit": "г"}}, {"model": "recipes.ingredient", "pk": 1200, "fields": {"title": "папайя", "unit": "г"}}, {"model": "recipes.ingredient", "pk": 1201, "fields": {"title": "папайя консервированная в собственном соку", "unit": "г"}}, {"model": "recipes.ingredient", "pk": 1202, "fields": {"title": "папоротник", "unit": "г"}}, {"model": "recipes.ingredient", "pk": 1203, "fields": {"title": "папоротник соленый", "unit": "упаковка"}}, {"model": "recipes.ingredient", "pk": 1204, "fields": {"title": "паппарделле", "unit": "г"}}, {"model": "recipes.ingredient", "pk": 1205, "fields": {"title": "паприка", "unit": "г"}}, {"model": "recipes.ingredient", "pk": 1206, "fields": {"title": "паприка копченая", "unit": "ст. л."}}, {"model": "recipes.ingredient", "pk": 1207, "fields": {"title": "паприка красная", "unit": "ст. л."}}, {"model": "recipes.ingredient", "pk": 1208, "fields": {"title": "паприка красная молотая", "unit": "г"}}, {"model": "recipes.ingredient", "pk": 1209, "fields": {"title": "паприка острая копченая", "unit": "г"}}, {"model": "recipes.ingredient", "pk": 1210, "fields": {"title": "паприка сладкая", "unit": "г"}}, {"model": "recipes.ingredient", "pk": 1211, "fields": {"title": "паприка сладкая копченая", "unit": "г"}}, {"model": "recipes.ingredient", "pk": 1212, "fields": {"title": "паприка сладкая хлопьями", "unit": "ч. л."}}, {"model": "recipes.ingredient", "pk": 1213, "fields": {"title": "пармезан", "unit": "г"}}, {"model": "recipes.ingredient", "pk": 1214, "fields": {"title": "паста", "unit": "г"}}, {"model": "recipes.ingredient", "pk": 1215, "fields": {"title": "паста веджимайт", "unit": "г"}}, {"model": "recipes.ingredient", "pk": 1216, "fields": {"title": "паста тахини", "unit": "г"}}, {"model": "recipes.ingredient", "pk": 1217, "fields": {"title": "паста хариса", "unit": "ст. л."}}, {"model": "recipes.ingredient", "pk": 1218, "fields": {"title": "пастернак", "unit": "г"}}, {"model": "recipes.ingredient", "pk": 1219, "fields": {"title": "пастила", "unit": "г"}}, {"model": "recipes.ingredient", "pk": 1220, "fields": {"title": "пастила виноградная", "unit": "г"}}, {"model": "recipes.ingredient", "pk": 1221, "fields": {"title": "патиссоны", "unit": "г"}}, {"model": "recipes.ingredient", "pk": 1222, "fields": {"title": "патока", "unit": "г"}}, {"model": "recipes.ingredient", "pk": 1223, "fields": {"title": "патока крахмальная", "unit": "г"}}, {"model": "recipes.ingredient", "pk": 1224, "fields": {"title": "патока черная (меласса)", "unit": "г"}}, {"model": "recipes.ingredient", "pk": 1225, "fields": {"title": "пахта", "unit": "г"}}, {"model": "recipes.ingredient", "pk": 1226, "fields": {"title": "паштет", "unit": "г"}}, {"model": "recipes.ingredient", "pk": 1227, "fields": {"title": "пекарский порошок", "unit": "г"}}, {"model": "recipes.ingredient", "pk": 1228, "fields": {"title": "пекарский порошок", "unit": "ч. л."}}, {"model": "recipes.ingredient", "pk": 1229, "fields": {"title": "пекорино", "unit": "г"}}, {"model": "recipes.ingredient", "pk": 1230, "fields": {"title": "пектин", "unit": "г"}}, {"model": "recipes.ingredient", "pk": 1231, "fields": {"title": "пеленгас", "unit": "г"}}, {"model": "recipes.ingredient", "pk": 1232, "fields": {"title": "пельмени", "unit": "г"}}, {"model": "recipes.ingredient", "pk": 1233, "fields": {"title": "пенне", "unit": "г"}}, {"model": "recipes.ingredient", "pk": 1234, "fields": {"title": "пенне ригате", "unit": "г"}}, {"model": "recipes.ingredient", "pk": 1235, "fields": {"title": "пеперончино", "unit": "ч. л."}}, {"model": "recipes.ingredient", "pk": 1236, "fields": {"title": "пеперончино молотый", "unit": "щепотка"}}, {"model": "recipes.ingredient", "pk": 1237, "fields": {"title": "переводной лист для шоколада", "unit": "шт."}}, {"model": "recipes.ingredient", "pk": 1238, "fields": {"title": "перепелки", "unit": "тушка"}}, {"model": "recipes.ingredient", "pk": 1239, "fields": {"title": "перец", "unit": "г"}}, {"model": "recipes.ingredient", "pk": 1240, "fields": {"title": "перец белый", "unit": "г"}}, {"model": "recipes.ingredient", "pk": 1241, "fields": {"title": "перец белый горошком", "unit": "по вкусу"}}, {"model": "recipes.ingredient", "pk": 1242, "fields": {"title": "перец белый молотый", "unit": "г"}}, {"model": "recipes.ingredient", "pk": 1243, "fields": {"title": "перец белый свежемолотый", "unit": "ч. л."}}, {"model": "recipes.ingredient", "pk": 1244, "fields": {"title": "перец болгарский", "unit": "г"}}, {"model": "recipes.ingredient", "pk": 1245, "fields": {"title": "перец болгарский желтый", "unit": "г"}}, {"model": "recipes.ingredient", "pk": 1246, "fields": {"title": "перец болгарский зеленый", "unit": "г"}}, {"model": "recipes.ingredient", "pk": 1247, "fields": {"title": "перец болгарский красный", "unit": "г"}}, {"model": "recipes.ingredient", "pk": 1248, "fields": {"title": "перец горошком", "unit": "г"}}, {"model": "recipes.ingredient", "pk": 1249, "fields": {"title": "перец горошком смесь", "unit": "г"}}, {"model": "recipes.ingredient", "pk": 1250, "fields": {"title": "перец душистый", "unit": "щепотка"}}, {"model": "recipes.ingredient", "pk": 1251, "fields": {"title": "перец душистый горошком", "unit": "г"}}, {"model": "recipes.ingredient", "pk": 1252, "fields": {"title": "перец душистый молотый", "unit": "г"}}, {"model": "recipes.ingredient", "pk": 1253, "fields": {"title": "перец испанский острый", "unit": "шт."}}, {"model": "recipes.ingredient", "pk": 1254, "fields": {"title": "перец кайенский", "unit": "г"}}, {"model": "recipes.ingredient", "pk": 1255, "fields": {"title": "перец кайенский красный", "unit": "г"}}, {"model": "recipes.ingredient", "pk": 1256, "fields": {"title": "перец кайенский молотый", "unit": "щепотка"}}, {"model": "recipes.ingredient", "pk": 1257, "fields": {"title": "перец красный", "unit": "г"}}, {"model": "recipes.ingredient", "pk": 1258, "fields": {"title": "перец красный горошком", "unit": "г"}}, {"model": "recipes.ingredient", "pk": 1259, "fields": {"title": "перец красный жгучий", "unit": "г"}}, {"model": "recipes.ingredient", "pk": 1260, "fields": {"title": "перец красный молотый", "unit": "г"}}, {"model": "recipes.ingredient", "pk": 1261, "fields": {"title": "перец красный острый", "unit": "г"}}, {"model": "recipes.ingredient", "pk": 1262, "fields": {"title": "перец красный острый молотый", "unit": "по вкусу"}}, {"model": "recipes.ingredient", "pk": 1263, "fields": {"title": "перец красный хлопьями", "unit": "щепотка"}}, {"model": "recipes.ingredient", "pk": 1264, "fields": {"title": "перец лимонный", "unit": "г"}}, {"model": "recipes.ingredient", "pk": 1265, "fields": {"title": "перец маринованный", "unit": "г"}}, {"model": "recipes.ingredient", "pk": 1266, "fields": {"title": "перец острый", "unit": "г"}}, {"model": "recipes.ingredient", "pk": 1267, "fields": {"title": "перец острый зеленый", "unit": "шт."}}, {"model": "recipes.ingredient", "pk": 1268, "fields": {"title": "перец острый молотый", "unit": "щепотка"}}, {"model": "recipes.ingredient", "pk": 1269, "fields": {"title": "перец падрон", "unit": "г"}}, {"model": "recipes.ingredient", "pk": 1270, "fields": {"title": "перец пеперони", "unit": "г"}}, {"model": "recipes.ingredient", "pk": 1271, "fields": {"title": "перец пеперони красный", "unit": "шт."}}, {"model": "recipes.ingredient", "pk": 1272, "fields": {"title": "перец розовый горошком", "unit": "г"}}, {"model": "recipes.ingredient", "pk": 1273, "fields": {"title": "перец свежемолотый смесь", "unit": "г"}}, {"model": "recipes.ingredient", "pk": 1274, "fields": {"title": "перец сенегальский", "unit": "по вкусу"}}, {"model": "recipes.ingredient", "pk": 1275, "fields": {"title": "перец сладкий", "unit": "г"}}, {"model": "recipes.ingredient", "pk": 1276, "fields": {"title": "перец сладкий желтый", "unit": "г"}}, {"model": "recipes.ingredient", "pk": 1277, "fields": {"title": "перец сладкий зеленый", "unit": "г"}}, {"model": "recipes.ingredient", "pk": 1278, "fields": {"title": "перец сладкий красный", "unit": "г"}}, {"model": "recipes.ingredient", "pk": 1279, "fields": {"title": "перец сладкий красный маринованный", "unit": "шт."}}, {"model": "recipes.ingredient", "pk": 1280, "fields": {"title": "перец сладкий красный молотый", "unit": "г"}}, {"model": "recipes.ingredient", "pk": 1281, "fields": {"title": "перец сладкий оранжевый", "unit": "г"}}, {"model": "recipes.ingredient", "pk": 1282, "fields": {"title": "перец сладкий сушеный", "unit": "г"}}, {"model": "recipes.ingredient", "pk": 1283, "fields": {"title": "перец сычуаньский", "unit": "г"}}, {"model": "recipes.ingredient", "pk": 1284, "fields": {"title": "перец халапеньо", "unit": "г"}}, {"model": "recipes.ingredient", "pk": 1285, "fields": {"title": "перец халапеньо маринованный", "unit": "шт."}}, {"model": "recipes.ingredient", "pk": 1286, "fields": {"title": "перец черный", "unit": "ст. л."}}, {"model": "recipes.ingredient", "pk": 1287, "fields": {"title": "перец черный горошком", "unit": "по вкусу"}}, {"model": "recipes.ingredient", "pk": 1288, "fields": {"title": "перец черный молотый", "unit": "г"}}, {"model": "recipes.ingredient", "pk": 1289, "fields": {"title": "перец черный свежемолотый", "unit": "г"}}, {"model": "recipes.ingredient", "pk": 1290, "fields": {"title": "перец чили", "unit": "г"}}, {"model": "recipes.ingredient", "pk": 1291, "fields": {"title": "перец чили зеленый", "unit": "стручок"}}, {"model": "recipes.ingredient", "pk": 1292, "fields": {"title": "перец чили красный", "unit": "стручок"}}, {"model": "recipes.ingredient", "pk": 1293, "fields": {"title": "перец чили маринованный", "unit": "по вкусу"}}, {"model": "recipes.ingredient", "pk": 1294, "fields": {"title": "перец чили молотый", "unit": "г"}}, {"model": "recipes.ingredient", "pk": 1295, "fields": {"title": "перец чили сухой", "unit": "ст. л."}}, {"model": "recipes.ingredient", "pk": 1296, "fields": {"title": "перец чили хлопьями", "unit": "по вкусу"}}, {"model": "recipes.ingredient", "pk": 1297, "fields": {"title": "перец ямайский", "unit": "г"}}, {"model": "recipes.ingredient", "pk": 1298, "fields": {"title": "перловая крупа", "unit": "г"}}, {"model": "recipes.ingredient", "pk": 1299, "fields": {"title": "перловая мука", "unit": "г"}}, {"model": "recipes.ingredient", "pk": 1300, "fields": {"title": "персики", "unit": "г"}}, {"model": "recipes.ingredient", "pk": 1301, "fields": {"title": "персики консервированные", "unit": "г"}}, {"model": "recipes.ingredient", "pk": 1302, "fields": {"title": "персики сушеные", "unit": "горсть"}}, {"model": "recipes.ingredient", "pk": 1303, "fields": {"title": "персиковое пюре", "unit": "г"}}, {"model": "recipes.ingredient", "pk": 1304, "fields": {"title": "персиковый джем", "unit": "г"}}, {"model": "recipes.ingredient", "pk": 1305, "fields": {"title": "персиковый мармелад", "unit": "ст. л."}}, {"model": "recipes.ingredient", "pk": 1306, "fields": {"title": "персиковый сироп", "unit": "мл"}}, {"model": "recipes.ingredient", "pk": 1307, "fields": {"title": "персиковый сок", "unit": "г"}}, {"model": "recipes.ingredient", "pk": 1308, "fields": {"title": "перцовая паста", "unit": "ч. л."}}, {"model": "recipes.ingredient", "pk": 1309, "fields": {"title": "петрушка", "unit": "г"}}, {"model": "recipes.ingredient", "pk": 1310, "fields": {"title": "петрушка зелень", "unit": "г"}}, {"model": "recipes.ingredient", "pk": 1311, "fields": {"title": "петрушка итальянская", "unit": "пучок"}}, {"model": "recipes.ingredient", "pk": 1312, "fields": {"title": "петрушка корень", "unit": "г"}}, {"model": "recipes.ingredient", "pk": 1313, "fields": {"title": "петрушка рубленая", "unit": "г"}}, {"model": "recipes.ingredient", "pk": 1314, "fields": {"title": "петрушка сушеная", "unit": "г"}}, {"model": "recipes.ingredient", "pk": 1315, "fields": {"title": "печень", "unit": "г"}}, {"model": "recipes.ingredient", "pk": 1316, "fields": {"title": "печенье", "unit": "по вкусу"}}, {"model": "recipes.ingredient", "pk": 1317, "fields": {"title": "печенье Oreo", "unit": "г"}}, {"model": "recipes.ingredient", "pk": 1318, "fields": {"title": "печенье Амаретти", "unit": "г"}}, {"model": "recipes.ingredient", "pk": 1319, "fields": {"title": "печенье бисквитное", "unit": "г"}}, {"model": "recipes.ingredient", "pk": 1320, "fields": {"title": "печенье галетное", "unit": "шт."}}, {"model": "recipes.ingredient", "pk": 1321, "fields": {"title": "печенье «Дамские пальчики»", "unit": "г"}}, {"model": "recipes.ingredient", "pk": 1322, "fields": {"title": "печенье песочное", "unit": "г"}}, {"model": "recipes.ingredient", "pk": 1323, "fields": {"title": "печенье рассыпчатое", "unit": "г"}}, {"model": "recipes.ingredient", "pk": 1324, "fields": {"title": "печенье Савоярди", "unit": "г"}}, {"model": "recipes.ingredient", "pk": 1325, "fields": {"title": "печенье сахарное", "unit": "г"}}, {"model": "recipes.ingredient", "pk": 1326, "fields": {"title": "печенье сладкое", "unit": "г"}}, {"model": "recipes.ingredient", "pk": 1327, "fields": {"title": "печенье сухое", "unit": "г"}}, {"model": "recipes.ingredient", "pk": 1328, "fields": {"title": "печенье шоколадное", "unit": "г"}}, {"model": "recipes.ingredient", "pk": 1329, "fields": {"title": "печенье Юбилейное молочное", "unit": "г"}}, {"model": "recipes.ingredient", "pk": 1330, "fields": {"title": "пиво", "unit": "г"}}, {"model": "recipes.ingredient", "pk": 1331, "fields": {"title": "пиво имбирное", "unit": "мл"}}, {"model": "recipes.ingredient", "pk": 1332, "fields": {"title": "пиво нефильтрованное", "unit": "г"}}, {"model": "recipes.ingredient", "pk": 1333, "fields": {"title": "пиво светлое", "unit": "г"}}, {"model": "recipes.ingredient", "pk": 1334, "fields": {"title": "пиво темное", "unit": "банка"}}, {"model": "recipes.ingredient", "pk": 1335, "fields": {"title": "пикша", "unit": "шт."}}, {"model": "recipes.ingredient", "pk": 1336, "fields": {"title": "питы", "unit": "по вкусу"}}, {"model": "recipes.ingredient", "pk": 1337, "fields": {"title": "повидло", "unit": "г"}}, {"model": "recipes.ingredient", "pk": 1338, "fields": {"title": "подсолнечное масло", "unit": "г"}}, {"model": "recipes.ingredient", "pk": 1339, "fields": {"title": "подсолнечные семечки", "unit": "г"}}, {"model": "recipes.ingredient", "pk": 1340, "fields": {"title": "полба", "unit": "г"}}, {"model": "recipes.ingredient", "pk": 1341, "fields": {"title": "полба недозрелая", "unit": "г"}}, {"model": "recipes.ingredient", "pk": 1342, "fields": {"title": "полента", "unit": "по вкусу"}}, {"model": "recipes.ingredient", "pk": 1343, "fields": {"title": "полента быстрого приготовления", "unit": "стакан"}}, {"model": "recipes.ingredient", "pk": 1344, "fields": {"title": "помело", "unit": "г"}}, {"model": "recipes.ingredient", "pk": 1345, "fields": {"title": "помидоры", "unit": "г"}}, {"model": "recipes.ingredient", "pk": 1346, "fields": {"title": "помидоры бурые", "unit": "г"}}, {"model": "recipes.ingredient", "pk": 1347, "fields": {"title": "помидоры вяленые", "unit": "по вкусу"}}, {"model": "recipes.ingredient", "pk": 1348, "fields": {"title": "помидоры вяленые в масле", "unit": "г"}}, {"model": "recipes.ingredient", "pk": 1349, "fields": {"title": "помидоры желтые", "unit": "шт."}}, {"model": "recipes.ingredient", "pk": 1350, "fields": {"title": "помидоры зеленые", "unit": "кг"}}, {"model": "recipes.ingredient", "pk": 1351, "fields": {"title": "помидоры консервированные", "unit": "г"}}, {"model": "recipes.ingredient", "pk": 1352, "fields": {"title": "помидоры консервированные в собственном соку", "unit": "г"}}, {"model": "recipes.ingredient", "pk": 1353, "fields": {"title": "помидоры консервированные в собственном соку с базиликом", "unit": "г"}}, {"model": "recipes.ingredient", "pk": 1354, "fields": {"title": "помидоры протертые пассата", "unit": "г"}}, {"model": "recipes.ingredient", "pk": 1355, "fields": {"title": "помидоры соленые", "unit": "шт."}}, {"model": "recipes.ingredient", "pk": 1356, "fields": {"title": "помидоры сушеные хлопьями", "unit": "г"}}, {"model": "recipes.ingredient", "pk": 1357, "fields": {"title": "помидоры черри", "unit": "г"}}, {"model": "recipes.ingredient", "pk": 1358, "fields": {"title": "помидоры черри желтые", "unit": "г"}}, {"model": "recipes.ingredient", "pk": 1359, "fields": {"title": "попкорн", "unit": "г"}}, {"model": "recipes.ingredient", "pk": 1360, "fields": {"title": "поросенок", "unit": "кг"}}, {"model": "recipes.ingredient", "pk": 1361, "fields": {"title": "портвейн", "unit": "г"}}, {"model": "recipes.ingredient", "pk": 1362, "fields": {"title": "портобелло", "unit": "г"}}, {"model": "recipes.ingredient", "pk": 1363, "fields": {"title": "портулак", "unit": "г"}}, {"model": "recipes.ingredient", "pk": 1364, "fields": {"title": "посыпка кондитерская", "unit": "по вкусу"}}, {"model": "recipes.ingredient", "pk": 1365, "fields": {"title": "почки", "unit": "г"}}, {"model": "recipes.ingredient", "pk": 1366, "fields": {"title": "приправа 4 перца", "unit": "г"}}, {"model": "recipes.ingredient", "pk": 1367, "fields": {"title": "приправа 5 специй (five spice)", "unit": "ч. л."}}, {"model": "recipes.ingredient", "pk": 1368, "fields": {"title": "приправа для баранины", "unit": "ст. л."}}, {"model": "recipes.ingredient", "pk": 1369, "fields": {"title": "приправа для картофеля", "unit": "г"}}, {"model": "recipes.ingredient", "pk": 1370, "fields": {"title": "приправа для курицы", "unit": "г"}}, {"model": "recipes.ingredient", "pk": 1371, "fields": {"title": "приправа для макарон", "unit": "по вкусу"}}, {"model": "recipes.ingredient", "pk": 1372, "fields": {"title": "приправа для маринования свинины", "unit": "по вкусу"}}, {"model": "recipes.ingredient", "pk": 1373, "fields": {"title": "приправа для морепродуктов", "unit": "по вкусу"}}, {"model": "recipes.ingredient", "pk": 1374, "fields": {"title": "приправа для мяса", "unit": "г"}}, {"model": "recipes.ingredient", "pk": 1375, "fields": {"title": "приправа для паэльи", "unit": "по вкусу"}}, {"model": "recipes.ingredient", "pk": 1376, "fields": {"title": "приправа для пиццы", "unit": "ч. л."}}, {"model": "recipes.ingredient", "pk": 1377, "fields": {"title": "приправа для плова", "unit": "г"}}, {"model": "recipes.ingredient", "pk": 1378, "fields": {"title": "приправа для птицы", "unit": "ст. л."}}, {"model": "recipes.ingredient", "pk": 1379, "fields": {"title": "приправа для рыбы", "unit": "г"}}, {"model": "recipes.ingredient", "pk": 1380, "fields": {"title": "приправа для салатов", "unit": "по вкусу"}}, {"model": "recipes.ingredient", "pk": 1381, "fields": {"title": "приправа заатар", "unit": "ч. л."}}, {"model": "recipes.ingredient", "pk": 1382, "fields": {"title": "приправа креольская", "unit": "ст. л."}}, {"model": "recipes.ingredient", "pk": 1383, "fields": {"title": "приправа с сушеными грибами", "unit": "ч. л."}}, {"model": "recipes.ingredient", "pk": 1384, "fields": {"title": "приправы", "unit": "г"}}, {"model": "recipes.ingredient", "pk": 1385, "fields": {"title": "прованские травы", "unit": "г"}}, {"model": "recipes.ingredient", "pk": 1386, "fields": {"title": "проволоне", "unit": "г"}}, {"model": "recipes.ingredient", "pk": 1387, "fields": {"title": "просекко", "unit": "мл"}}, {"model": "recipes.ingredient", "pk": 1388, "fields": {"title": "простокваша", "unit": "г"}}, {"model": "recipes.ingredient", "pk": 1389, "fields": {"title": "протеин сывороточный", "unit": "г"}}, {"model": "recipes.ingredient", "pk": 1390, "fields": {"title": "прошутто", "unit": "г"}}, {"model": "recipes.ingredient", "pk": 1391, "fields": {"title": "пряники", "unit": "г"}}, {"model": "recipes.ingredient", "pk": 1392, "fields": {"title": "пряничные специи", "unit": "г"}}, {"model": "recipes.ingredient", "pk": 1393, "fields": {"title": "пряности", "unit": "г"}}, {"model": "recipes.ingredient", "pk": 1394, "fields": {"title": "псиллиум", "unit": "г"}}, {"model": "recipes.ingredient", "pk": 1395, "fields": {"title": "птитим", "unit": "г"}}, {"model": "recipes.ingredient", "pk": 1396, "fields": {"title": "пудинг", "unit": "г"}}, {"model": "recipes.ingredient", "pk": 1397, "fields": {"title": "пудинг ванильный", "unit": "г"}}, {"model": "recipes.ingredient", "pk": 1398, "fields": {"title": "пудинг ванильный инстант", "unit": "упаковка"}}, {"model": "recipes.ingredient", "pk": 1399, "fields": {"title": "пудинг карамельный", "unit": "г"}}, {"model": "recipes.ingredient", "pk": 1400, "fields": {"title": "пшеница", "unit": "г"}}, {"model": "recipes.ingredient", "pk": 1401, "fields": {"title": "пшеничная крупа", "unit": "г"}}, {"model": "recipes.ingredient", "pk": 1402, "fields": {"title": "пшеничная мука", "unit": "г"}}, {"model": "recipes.ingredient", "pk": 1403, "fields": {"title": "пшеничная мука цельнозерновая", "unit": "г"}}, {"model": "recipes.ingredient", "pk": 1404, "fields": {"title": "пшеничные зародыши", "unit": "стакан"}}, {"model": "recipes.ingredient", "pk": 1405, "fields": {"title": "пшеничные отруби", "unit": "г"}}, {"model": "recipes.ingredient", "pk": 1406, "fields": {"title": "пшеничные ростки", "unit": "г"}}, {"model": "recipes.ingredient", "pk": 1407, "fields": {"title": "пшеничные хлопья", "unit": "г"}}, {"model": "recipes.ingredient", "pk": 1408, "fields": {"title": "пшенные хлопья", "unit": "ст. л."}}, {"model": "recipes.ingredient", "pk": 1409, "fields": {"title": "пшено", "unit": "г"}}, {"model": "recipes.ingredient", "pk": 1410, "fields": {"title": "пыльца цветочная", "unit": "г"}}, {"model": "recipes.ingredient", "pk": 1411, "fields": {"title": "пюре", "unit": "по вкусу"}}, {"model": "recipes.ingredient", "pk": 1412, "fields": {"title": "радиккио", "unit": "шт."}}, {"model": "recipes.ingredient", "pk": 1413, "fields": {"title": "разрыхлитель", "unit": "г"}}, {"model": "recipes.ingredient", "pk": 1414, "fields": {"title": "раки", "unit": "шт."}}, {"model": "recipes.ingredient", "pk": 1415, "fields": {"title": "раковые шейки", "unit": "г"}}, {"model": "recipes.ingredient", "pk": 1416, "fields": {"title": "раковые шейки в рассоле", "unit": "г"}}, {"model": "recipes.ingredient", "pk": 1417, "fields": {"title": "рамбутан", "unit": "г"}}, {"model": "recipes.ingredient", "pk": 1418, "fields": {"title": "рапаны", "unit": "г"}}, {"model": "recipes.ingredient", "pk": 1419, "fields": {"title": "рапсовое масло", "unit": "по вкусу"}}, {"model": "recipes.ingredient", "pk": 1420, "fields": {"title": "рассол", "unit": "г"}}, {"model": "recipes.ingredient", "pk": 1421, "fields": {"title": "рассол от каперсов", "unit": "ст. л."}}, {"model": "recipes.ingredient", "pk": 1422, "fields": {"title": "рассол от оливок", "unit": "ст. л."}}, {"model": "recipes.ingredient", "pk": 1423, "fields": {"title": "растительное масло", "unit": "г"}}, {"model": "recipes.ingredient", "pk": 1424, "fields": {"title": "растительное масло для жарки", "unit": "г"}}, {"model": "recipes.ingredient", "pk": 1425, "fields": {"title": "растительное масло нерафинированное", "unit": "стакан"}}, {"model": "recipes.ingredient", "pk": 1426, "fields": {"title": "растительное масло рафинированное", "unit": "г"}}, {"model": "recipes.ingredient", "pk": 1427, "fields": {"title": "растительное молоко", "unit": "стакан"}}, {"model": "recipes.ingredient", "pk": 1428, "fields": {"title": "ревень", "unit": "г"}}, {"model": "recipes.ingredient", "pk": 1429, "fields": {"title": "реган", "unit": "веточка"}}, {"model": "recipes.ingredient", "pk": 1430, "fields": {"title": "редис", "unit": "г"}}, {"model": "recipes.ingredient", "pk": 1431, "fields": {"title": "редька", "unit": "г"}}, {"model": "recipes.ingredient", "pk": 1432, "fields": {"title": "редька белая", "unit": "шт."}}, {"model": "recipes.ingredient", "pk": 1433, "fields": {"title": "редька зеленая", "unit": "шт."}}, {"model": "recipes.ingredient", "pk": 1434, "fields": {"title": "редька черная", "unit": "шт."}}, {"model": "recipes.ingredient", "pk": 1435, "fields": {"title": "репа", "unit": "г"}}, {"model": "recipes.ingredient", "pk": 1436, "fields": {"title": "репа белая", "unit": "шт."}}, {"model": "recipes.ingredient", "pk": 1437, "fields": {"title": "ржаная закваска", "unit": "г"}}, {"model": "recipes.ingredient", "pk": 1438, "fields": {"title": "ржаная закваска густая", "unit": "г"}}, {"model": "recipes.ingredient", "pk": 1439, "fields": {"title": "ржаная мука", "unit": "г"}}, {"model": "recipes.ingredient", "pk": 1440, "fields": {"title": "ржаные отруби", "unit": "г"}}, {"model": "recipes.ingredient", "pk": 1441, "fields": {"title": "ригатони", "unit": "г"}}, {"model": "recipes.ingredient", "pk": 1442, "fields": {"title": "рикотта", "unit": "г"}}, {"model": "recipes.ingredient", "pk": 1443, "fields": {"title": "рикотта твердая", "unit": "г"}}, {"model": "recipes.ingredient", "pk": 1444, "fields": {"title": "рис", "unit": "г"}}, {"model": "recipes.ingredient", "pk": 1445, "fields": {"title": "рис арборио", "unit": "г"}}, {"model": "recipes.ingredient", "pk": 1446, "fields": {"title": "рис басмати", "unit": "г"}}, {"model": "recipes.ingredient", "pk": 1447, "fields": {"title": "рис бурый", "unit": "г"}}, {"model": "recipes.ingredient", "pk": 1448, "fields": {"title": "рис бурый и дикий смесь", "unit": "г"}}, {"model": "recipes.ingredient", "pk": 1449, "fields": {"title": "рис вареный", "unit": "г"}}, {"model": "recipes.ingredient", "pk": 1450, "fields": {"title": "рис виола", "unit": "г"}}, {"model": "recipes.ingredient", "pk": 1451, "fields": {"title": "рис девзира", "unit": "г"}}, {"model": "recipes.ingredient", "pk": 1452, "fields": {"title": "рис дикий", "unit": "г"}}, {"model": "recipes.ingredient", "pk": 1453, "fields": {"title": "рис дикий и золотистый смесь", "unit": "г"}}, {"model": "recipes.ingredient", "pk": 1454, "fields": {"title": "рис длиннозерный", "unit": "г"}}, {"model": "recipes.ingredient", "pk": 1455, "fields": {"title": "рис длиннозерный золотистый", "unit": "г"}}, {"model": "recipes.ingredient", "pk": 1456, "fields": {"title": "рис для плова", "unit": "г"}}, {"model": "recipes.ingredient", "pk": 1457, "fields": {"title": "рис для пудинга", "unit": "г"}}, {"model": "recipes.ingredient", "pk": 1458, "fields": {"title": "рис для ризотто", "unit": "г"}}, {"model": "recipes.ingredient", "pk": 1459, "fields": {"title": "рис для суши", "unit": "г"}}, {"model": "recipes.ingredient", "pk": 1460, "fields": {"title": "рис жасминовый", "unit": "г"}}, {"model": "recipes.ingredient", "pk": 1461, "fields": {"title": "рис золотистый", "unit": "г"}}, {"model": "recipes.ingredient", "pk": 1462, "fields": {"title": "рис индика", "unit": "г"}}, {"model": "recipes.ingredient", "pk": 1463, "fields": {"title": "рис италика", "unit": "г"}}, {"model": "recipes.ingredient", "pk": 1464, "fields": {"title": "рис карнароли", "unit": "г"}}, {"model": "recipes.ingredient", "pk": 1465, "fields": {"title": "рис красный", "unit": "г"}}, {"model": "recipes.ingredient", "pk": 1466, "fields": {"title": "рис круглозерный", "unit": "г"}}, {"model": "recipes.ingredient", "pk": 1467, "fields": {"title": "рис кубанский", "unit": "г"}}, {"model": "recipes.ingredient", "pk": 1468, "fields": {"title": "рисовая бумага", "unit": "г"}}, {"model": "recipes.ingredient", "pk": 1469, "fields": {"title": "рисовая лапша", "unit": "г"}}, {"model": "recipes.ingredient", "pk": 1470, "fields": {"title": "рисовая мука", "unit": "г"}}, {"model": "recipes.ingredient", "pk": 1471, "fields": {"title": "рисовое вино", "unit": "ч. л."}}, {"model": "recipes.ingredient", "pk": 1472, "fields": {"title": "рисовые хлопья", "unit": "г"}}, {"model": "recipes.ingredient", "pk": 1473, "fields": {"title": "рисовые шарики воздушные", "unit": "г"}}, {"model": "recipes.ingredient", "pk": 1474, "fields": {"title": "рисовый крахмал", "unit": "ст. л."}}, {"model": "recipes.ingredient", "pk": 1475, "fields": {"title": "рисовый уксус", "unit": "по вкусу"}}, {"model": "recipes.ingredient", "pk": 1476, "fields": {"title": "рис пропаренный", "unit": "г"}}, {"model": "recipes.ingredient", "pk": 1477, "fields": {"title": "рис пропаренный и дикий смесь", "unit": "г"}}, {"model": "recipes.ingredient", "pk": 1478, "fields": {"title": "рис японика", "unit": "г"}}, {"model": "recipes.ingredient", "pk": 1479, "fields": {"title": "рожь", "unit": "г"}}, {"model": "recipes.ingredient", "pk": 1480, "fields": {"title": "розмарин", "unit": "шт."}}, {"model": "recipes.ingredient", "pk": 1481, "fields": {"title": "розмарин сушеный", "unit": "по вкусу"}}, {"model": "recipes.ingredient", "pk": 1482, "fields": {"title": "розовая вода", "unit": "г"}}, {"model": "recipes.ingredient", "pk": 1483, "fields": {"title": "розовые бутоны сушеные", "unit": "г"}}, {"model": "recipes.ingredient", "pk": 1484, "fields": {"title": "розовые лепестки", "unit": "г"}}, {"model": "recipes.ingredient", "pk": 1485, "fields": {"title": "розы", "unit": "г"}}, {"model": "recipes.ingredient", "pk": 1486, "fields": {"title": "рокфор", "unit": "г"}}, {"model": "recipes.ingredient", "pk": 1487, "fields": {"title": "ром", "unit": "бутылка"}}, {"model": "recipes.ingredient", "pk": 1488, "fields": {"title": "ромашка сушеная", "unit": "г"}}, {"model": "recipes.ingredient", "pk": 1489, "fields": {"title": "ромовый экстракт", "unit": "ч. л."}}, {"model": "recipes.ingredient", "pk": 1490, "fields": {"title": "ром темный", "unit": "г"}}, {"model": "recipes.ingredient", "pk": 1491, "fields": {"title": "ростбиф", "unit": "г"}}, {"model": "recipes.ingredient", "pk": 1492, "fields": {"title": "рукола", "unit": "г"}}, {"model": "recipes.ingredient", "pk": 1493, "fields": {"title": "рулька", "unit": "по вкусу"}}, {"model": "recipes.ingredient", "pk": 1494, "fields": {"title": "рыба", "unit": "г"}}, {"model": "recipes.ingredient", "pk": 1495, "fields": {"title": "рыба белая", "unit": "г"}}, {"model": "recipes.ingredient", "pk": 1496, "fields": {"title": "рыба белая филе", "unit": "г"}}, {"model": "recipes.ingredient", "pk": 1497, "fields": {"title": "рыба консервированная", "unit": "банка"}}, {"model": "recipes.ingredient", "pk": 1498, "fields": {"title": "рыба копченая", "unit": "г"}}, {"model": "recipes.ingredient", "pk": 1499, "fields": {"title": "рыба копченая филе", "unit": "г"}}, {"model": "recipes.ingredient", "pk": 1500, "fields": {"title": "рыба красная", "unit": "г"}}, {"model": "recipes.ingredient", "pk": 1501, "fields": {"title": "рыба красная соленая", "unit": "г"}}, {"model": "recipes.ingredient", "pk": 1502, "fields": {"title": "рыба красная филе", "unit": "г"}}, {"model": "recipes.ingredient", "pk": 1503, "fields": {"title": "рыба-меч", "unit": "г"}}, {"model": "recipes.ingredient", "pk": 1504, "fields": {"title": "рыба морская", "unit": "г"}}, {"model": "recipes.ingredient", "pk": 1505, "fields": {"title": "рыба солнечник филе", "unit": "шт."}}, {"model": "recipes.ingredient", "pk": 1506, "fields": {"title": "рыба-соль", "unit": "тушка"}}, {"model": "recipes.ingredient", "pk": 1507, "fields": {"title": "рыбное филе", "unit": "г"}}, {"model": "recipes.ingredient", "pk": 1508, "fields": {"title": "рыбные консервы", "unit": "г"}}, {"model": "recipes.ingredient", "pk": 1509, "fields": {"title": "рыбные кости", "unit": "г"}}, {"model": "recipes.ingredient", "pk": 1510, "fields": {"title": "рыбные обрезки, головы, плавники", "unit": "по вкусу"}}, {"model": "recipes.ingredient", "pk": 1511, "fields": {"title": "рыбный бульон", "unit": "г"}}, {"model": "recipes.ingredient", "pk": 1512, "fields": {"title": "рыбный соус", "unit": "г"}}, {"model": "recipes.ingredient", "pk": 1513, "fields": {"title": "рыбный соус Nam Pla", "unit": "г"}}, {"model": "recipes.ingredient", "pk": 1514, "fields": {"title": "рыбный соус тайский", "unit": "г"}}, {"model": "recipes.ingredient", "pk": 1515, "fields": {"title": "рыбный фарш", "unit": "г"}}, {"model": "recipes.ingredient", "pk": 1516, "fields": {"title": "рябина черноплодная", "unit": "г"}}, {"model": "recipes.ingredient", "pk": 1517, "fields": {"title": "рябчик", "unit": "г"}}, {"model": "recipes.ingredient", "pk": 1518, "fields": {"title": "ряженка", "unit": "г"}}, {"model": "recipes.ingredient", "pk": 1519, "fields": {"title": "ряженка 4%", "unit": "г"}}, {"model": "recipes.ingredient", "pk": 1520, "fields": {"title": "сайда", "unit": "г"}}, {"model": "recipes.ingredient", "pk": 1521, "fields": {"title": "сайда филе", "unit": "г"}}, {"model": "recipes.ingredient", "pk": 1522, "fields": {"title": "сайра", "unit": "г"}}, {"model": "recipes.ingredient", "pk": 1523, "fields": {"title": "сайра консервированная", "unit": "банка"}}, {"model": "recipes.ingredient", "pk": 1524, "fields": {"title": "саке", "unit": "ст. л."}}, {"model": "recipes.ingredient", "pk": 1525, "fields": {"title": "салака", "unit": "г"}}, {"model": "recipes.ingredient", "pk": 1526, "fields": {"title": "салат", "unit": "г"}}, {"model": "recipes.ingredient", "pk": 1527, "fields": {"title": "салат айсберг", "unit": "г"}}, {"model": "recipes.ingredient", "pk": 1528, "fields": {"title": "салат китайский", "unit": "г"}}, {"model": "recipes.ingredient", "pk": 1529, "fields": {"title": "салат корн", "unit": "пучок"}}, {"model": "recipes.ingredient", "pk": 1530, "fields": {"title": "салат кочанный", "unit": "г"}}, {"model": "recipes.ingredient", "pk": 1531, "fields": {"title": "салат кучерявый", "unit": "г"}}, {"model": "recipes.ingredient", "pk": 1532, "fields": {"title": "салат листовой", "unit": "г"}}, {"model": "recipes.ingredient", "pk": 1533, "fields": {"title": "салатный микс", "unit": "г"}}, {"model": "recipes.ingredient", "pk": 1534, "fields": {"title": "салат романо", "unit": "г"}}, {"model": "recipes.ingredient", "pk": 1535, "fields": {"title": "салат фриссе", "unit": "г"}}, {"model": "recipes.ingredient", "pk": 1536, "fields": {"title": "сало", "unit": "г"}}, {"model": "recipes.ingredient", "pk": 1537, "fields": {"title": "сало копченое в перце", "unit": "г"}}, {"model": "recipes.ingredient", "pk": 1538, "fields": {"title": "сало копченое с мясными прослойками", "unit": "г"}}, {"model": "recipes.ingredient", "pk": 1539, "fields": {"title": "сало с мясными прослойками", "unit": "г"}}, {"model": "recipes.ingredient", "pk": 1540, "fields": {"title": "сальник", "unit": "г"}}, {"model": "recipes.ingredient", "pk": 1541, "fields": {"title": "сальса", "unit": "г"}}, {"model": "recipes.ingredient", "pk": 1542, "fields": {"title": "сальса верде", "unit": "ч. л."}}, {"model": "recipes.ingredient", "pk": 1543, "fields": {"title": "салями", "unit": "г"}}, {"model": "recipes.ingredient", "pk": 1544, "fields": {"title": "салями итальянская", "unit": "г"}}, {"model": "recipes.ingredient", "pk": 1545, "fields": {"title": "сардельки", "unit": "г"}}, {"model": "recipes.ingredient", "pk": 1546, "fields": {"title": "сардельки копченые", "unit": "г"}}, {"model": "recipes.ingredient", "pk": 1547, "fields": {"title": "сардинки маленькие", "unit": "шт."}}, {"model": "recipes.ingredient", "pk": 1548, "fields": {"title": "сардины", "unit": "г"}}, {"model": "recipes.ingredient", "pk": 1549, "fields": {"title": "сардины в масле", "unit": "банка"}}, {"model": "recipes.ingredient", "pk": 1550, "fields": {"title": "сахар", "unit": "г"}}, {"model": "recipes.ingredient", "pk": 1551, "fields": {"title": "сахар ванильный", "unit": "г"}}, {"model": "recipes.ingredient", "pk": 1552, "fields": {"title": "сахар демерара", "unit": "г"}}, {"model": "recipes.ingredient", "pk": 1553, "fields": {"title": "сахар жемчужный", "unit": "г"}}, {"model": "recipes.ingredient", "pk": 1554, "fields": {"title": "сахар коричневый", "unit": "г"}}, {"model": "recipes.ingredient", "pk": 1555, "fields": {"title": "сахар коричневый крупнокристаллический", "unit": "г"}}, {"model": "recipes.ingredient", "pk": 1556, "fields": {"title": "сахар мусковадо", "unit": "горсть"}}, {"model": "recipes.ingredient", "pk": 1557, "fields": {"title": "сахарная пудра", "unit": "г"}}, {"model": "recipes.ingredient", "pk": 1558, "fields": {"title": "сахарная пудра апельсиновая", "unit": "г"}}, {"model": "recipes.ingredient", "pk": 1559, "fields": {"title": "сахарная пудра ванильная", "unit": "г"}}, {"model": "recipes.ingredient", "pk": 1560, "fields": {"title": "сахарные жемчужинки", "unit": "г"}}, {"model": "recipes.ingredient", "pk": 1561, "fields": {"title": "сахарные кондитерские украшения", "unit": "горсть"}}, {"model": "recipes.ingredient", "pk": 1562, "fields": {"title": "сахарный песок", "unit": "г"}}, {"model": "recipes.ingredient", "pk": 1563, "fields": {"title": "сахарный песок крупный", "unit": "г"}}, {"model": "recipes.ingredient", "pk": 1564, "fields": {"title": "сахарный песок мелкий", "unit": "г"}}, {"model": "recipes.ingredient", "pk": 1565, "fields": {"title": "сахарный сироп", "unit": "г"}}, {"model": "recipes.ingredient", "pk": 1566, "fields": {"title": "сахар пальмовый", "unit": "г"}}, {"model": "recipes.ingredient", "pk": 1567, "fields": {"title": "сахар-рафинад", "unit": "г"}}, {"model": "recipes.ingredient", "pk": 1568, "fields": {"title": "сахар-рафинад с корицей", "unit": "г"}}, {"model": "recipes.ingredient", "pk": 1569, "fields": {"title": "сахар тростниковый", "unit": "г"}}, {"model": "recipes.ingredient", "pk": 1570, "fields": {"title": "сванская соль", "unit": "г"}}, {"model": "recipes.ingredient", "pk": 1571, "fields": {"title": "свекла", "unit": "г"}}, {"model": "recipes.ingredient", "pk": 1572, "fields": {"title": "свекла вареная", "unit": "г"}}, {"model": "recipes.ingredient", "pk": 1573, "fields": {"title": "свекольная ботва", "unit": "г"}}, {"model": "recipes.ingredient", "pk": 1574, "fields": {"title": "свекольные листья", "unit": "г"}}, {"model": "recipes.ingredient", "pk": 1575, "fields": {"title": "свиная вырезка", "unit": "г"}}, {"model": "recipes.ingredient", "pk": 1576, "fields": {"title": "свиная голова", "unit": "г"}}, {"model": "recipes.ingredient", "pk": 1577, "fields": {"title": "свиная грудинка", "unit": "г"}}, {"model": "recipes.ingredient", "pk": 1578, "fields": {"title": "свиная корейка", "unit": "г"}}, {"model": "recipes.ingredient", "pk": 1579, "fields": {"title": "свиная корейка копченая", "unit": "г"}}, {"model": "recipes.ingredient", "pk": 1580, "fields": {"title": "свиная корейка на кости", "unit": "г"}}, {"model": "recipes.ingredient", "pk": 1581, "fields": {"title": "свиная лопатка варено-копченая", "unit": "г"}}, {"model": "recipes.ingredient", "pk": 1582, "fields": {"title": "свиная мякоть", "unit": "г"}}, {"model": "recipes.ingredient", "pk": 1583, "fields": {"title": "свиная пашина", "unit": "кг"}}, {"model": "recipes.ingredient", "pk": 1584, "fields": {"title": "свиная печень", "unit": "г"}}, {"model": "recipes.ingredient", "pk": 1585, "fields": {"title": "свиная рулька", "unit": "по вкусу"}}, {"model": "recipes.ingredient", "pk": 1586, "fields": {"title": "свиная рулька варено-копченая", "unit": "г"}}, {"model": "recipes.ingredient", "pk": 1587, "fields": {"title": "свиная рулька копченая", "unit": "г"}}, {"model": "recipes.ingredient", "pk": 1588, "fields": {"title": "свиная шейка", "unit": "кусок"}}, {"model": "recipes.ingredient", "pk": 1589, "fields": {"title": "свинина", "unit": "г"}}, {"model": "recipes.ingredient", "pk": 1590, "fields": {"title": "свинина вареная", "unit": "г"}}, {"model": "recipes.ingredient", "pk": 1591, "fields": {"title": "свинина нежирная", "unit": "г"}}, {"model": "recipes.ingredient", "pk": 1592, "fields": {"title": "свинина с жирком", "unit": "г"}}, {"model": "recipes.ingredient", "pk": 1593, "fields": {"title": "свиное сердце", "unit": "г"}}, {"model": "recipes.ingredient", "pk": 1594, "fields": {"title": "свиное филе", "unit": "г"}}, {"model": "recipes.ingredient", "pk": 1595, "fields": {"title": "свиной подчеревок", "unit": "г"}}, {"model": "recipes.ingredient", "pk": 1596, "fields": {"title": "свиной фарш", "unit": "г"}}, {"model": "recipes.ingredient", "pk": 1597, "fields": {"title": "свиной язык", "unit": "г"}}, {"model": "recipes.ingredient", "pk": 1598, "fields": {"title": "свиные котлеты на косточке", "unit": "шт."}}, {"model": "recipes.ingredient", "pk": 1599, "fields": {"title": "свиные легкие", "unit": "г"}}, {"model": "recipes.ingredient", "pk": 1600, "fields": {"title": "свиные ножки", "unit": "г"}}, {"model": "recipes.ingredient", "pk": 1601, "fields": {"title": "свиные отбивные", "unit": "г"}}, {"model": "recipes.ingredient", "pk": 1602, "fields": {"title": "свиные отбивные на косточке", "unit": "г"}}, {"model": "recipes.ingredient", "pk": 1603, "fields": {"title": "свиные ребра", "unit": "г"}}, {"model": "recipes.ingredient", "pk": 1604, "fields": {"title": "свиные уши", "unit": "шт."}}, {"model": "recipes.ingredient", "pk": 1605, "fields": {"title": "свиные щечки", "unit": "шт."}}, {"model": "recipes.ingredient", "pk": 1606, "fields": {"title": "свити", "unit": "г"}}, {"model": "recipes.ingredient", "pk": 1607, "fields": {"title": "сельдерей", "unit": "г"}}, {"model": "recipes.ingredient", "pk": 1608, "fields": {"title": "сельдерей зелень", "unit": "г"}}, {"model": "recipes.ingredient", "pk": 1609, "fields": {"title": "сельдерей корень", "unit": "г"}}, {"model": "recipes.ingredient", "pk": 1610, "fields": {"title": "сельдерей корень сушеный", "unit": "по вкусу"}}, {"model": "recipes.ingredient", "pk": 1611, "fields": {"title": "сельдерейная соль", "unit": "г"}}, {"model": "recipes.ingredient", "pk": 1612, "fields": {"title": "сельдерей семена", "unit": "ч. л."}}, {"model": "recipes.ingredient", "pk": 1613, "fields": {"title": "сельдерей стебли", "unit": "г"}}, {"model": "recipes.ingredient", "pk": 1614, "fields": {"title": "сельдь", "unit": "г"}}, {"model": "recipes.ingredient", "pk": 1615, "fields": {"title": "сельдь слабосоленая", "unit": "г"}}, {"model": "recipes.ingredient", "pk": 1616, "fields": {"title": "сельдь соленая", "unit": "шт."}}, {"model": "recipes.ingredient", "pk": 1617, "fields": {"title": "сельдь филе", "unit": "г"}}, {"model": "recipes.ingredient", "pk": 1618, "fields": {"title": "семга", "unit": "г"}}, {"model": "recipes.ingredient", "pk": 1619, "fields": {"title": "семга копченая", "unit": "г"}}, {"model": "recipes.ingredient", "pk": 1620, "fields": {"title": "семга свежая", "unit": "г"}}, {"model": "recipes.ingredient", "pk": 1621, "fields": {"title": "семга соленая", "unit": "г"}}, {"model": "recipes.ingredient", "pk": 1622, "fields": {"title": "семга филе на коже", "unit": "г"}}, {"model": "recipes.ingredient", "pk": 1623, "fields": {"title": "семечки", "unit": "г"}}, {"model": "recipes.ingredient", "pk": 1624, "fields": {"title": "семечки смесь", "unit": "ст. л."}}, {"model": "recipes.ingredient", "pk": 1625, "fields": {"title": "семолина", "unit": "г"}}, {"model": "recipes.ingredient", "pk": 1626, "fields": {"title": "сервелат варено-копченый", "unit": "г"}}, {"model": "recipes.ingredient", "pk": 1627, "fields": {"title": "сибас", "unit": "г"}}, {"model": "recipes.ingredient", "pk": 1628, "fields": {"title": "сидр", "unit": "г"}}, {"model": "recipes.ingredient", "pk": 1629, "fields": {"title": "сироп", "unit": "г"}}, {"model": "recipes.ingredient", "pk": 1630, "fields": {"title": "сироп от консервированных груш", "unit": "г"}}, {"model": "recipes.ingredient", "pk": 1631, "fields": {"title": "сироп от консервированных персиков", "unit": "ст. л."}}, {"model": "recipes.ingredient", "pk": 1632, "fields": {"title": "сироп топинамбура", "unit": "стакан"}}, {"model": "recipes.ingredient", "pk": 1633, "fields": {"title": "скумбрия", "unit": "по вкусу"}}, {"model": "recipes.ingredient", "pk": 1634, "fields": {"title": "скумбрия свежая", "unit": "г"}}, {"model": "recipes.ingredient", "pk": 1635, "fields": {"title": "скумбрия филе", "unit": "г"}}, {"model": "recipes.ingredient", "pk": 1636, "fields": {"title": "скумбрия холодного копчения", "unit": "г"}}, {"model": "recipes.ingredient", "pk": 1637, "fields": {"title": "сливки", "unit": "упаковка"}}, {"model": "recipes.ingredient", "pk": 1638, "fields": {"title": "сливки 10-20%", "unit": "г"}}, {"model": "recipes.ingredient", "pk": 1639, "fields": {"title": "сливки 15%", "unit": "г"}}, {"model": "recipes.ingredient", "pk": 1640, "fields": {"title": "сливки 20%", "unit": "г"}}, {"model": "recipes.ingredient", "pk": 1641, "fields": {"title": "сливки 33-35%", "unit": "г"}}, {"model": "recipes.ingredient", "pk": 1642, "fields": {"title": "сливки жирные", "unit": "г"}}, {"model": "recipes.ingredient", "pk": 1643, "fields": {"title": "сливки кондитерские", "unit": "г"}}, {"model": "recipes.ingredient", "pk": 1644, "fields": {"title": "сливовая паста", "unit": "г"}}, {"model": "recipes.ingredient", "pk": 1645, "fields": {"title": "сливовое варенье", "unit": "г"}}, {"model": "recipes.ingredient", "pk": 1646, "fields": {"title": "сливовое вино", "unit": "г"}}, {"model": "recipes.ingredient", "pk": 1647, "fields": {"title": "сливовый джем", "unit": "г"}}, {"model": "recipes.ingredient", "pk": 1648, "fields": {"title": "сливовый ликер", "unit": "ст. л."}}, {"model": "recipes.ingredient", "pk": 1649, "fields": {"title": "сливовый соус", "unit": "г"}}, {"model": "recipes.ingredient", "pk": 1650, "fields": {"title": "сливочное масло", "unit": "г"}}, {"model": "recipes.ingredient", "pk": 1651, "fields": {"title": "сливы", "unit": "кг"}}, {"model": "recipes.ingredient", "pk": 1652, "fields": {"title": "сливы замороженные", "unit": "г"}}, {"model": "recipes.ingredient", "pk": 1653, "fields": {"title": "смалец", "unit": "г"}}, {"model": "recipes.ingredient", "pk": 1654, "fields": {"title": "смесь для кекса", "unit": "шт."}}, {"model": "recipes.ingredient", "pk": 1655, "fields": {"title": "смесь для оладий", "unit": "г"}}, {"model": "recipes.ingredient", "pk": 1656, "fields": {"title": "смесь для хлеба 8 злаков", "unit": "г"}}, {"model": "recipes.ingredient", "pk": 1657, "fields": {"title": "сметана", "unit": "г"}}, {"model": "recipes.ingredient", "pk": 1658, "fields": {"title": "сметана 10%", "unit": "г"}}, {"model": "recipes.ingredient", "pk": 1659, "fields": {"title": "сметана 15%", "unit": "ч. л."}}, {"model": "recipes.ingredient", "pk": 1660, "fields": {"title": "сметана 18%", "unit": "г"}}, {"model": "recipes.ingredient", "pk": 1661, "fields": {"title": "сметана 20%", "unit": "г"}}, {"model": "recipes.ingredient", "pk": 1662, "fields": {"title": "сметана 25%", "unit": "г"}}, {"model": "recipes.ingredient", "pk": 1663, "fields": {"title": "сметана 30%", "unit": "г"}}, {"model": "recipes.ingredient", "pk": 1664, "fields": {"title": "сметана 35%", "unit": "г"}}, {"model": "recipes.ingredient", "pk": 1665, "fields": {"title": "сметана жирная", "unit": "г"}}, {"model": "recipes.ingredient", "pk": 1666, "fields": {"title": "сметана нежирная", "unit": "г"}}, {"model": "recipes.ingredient", "pk": 1667, "fields": {"title": "сметана некислая", "unit": "г"}}, {"model": "recipes.ingredient", "pk": 1668, "fields": {"title": "смородина сушеная", "unit": "г"}}, {"model": "recipes.ingredient", "pk": 1669, "fields": {"title": "смородиновые листья", "unit": "г"}}, {"model": "recipes.ingredient", "pk": 1670, "fields": {"title": "сморчки сухие", "unit": "г"}}, {"model": "recipes.ingredient", "pk": 1671, "fields": {"title": "снежок", "unit": "л"}}, {"model": "recipes.ingredient", "pk": 1672, "fields": {"title": "сныть", "unit": "г"}}, {"model": "recipes.ingredient", "pk": 1673, "fields": {"title": "сода", "unit": "г"}}, {"model": "recipes.ingredient", "pk": 1674, "fields": {"title": "соевая мука", "unit": "г"}}, {"model": "recipes.ingredient", "pk": 1675, "fields": {"title": "соевое масло", "unit": "г"}}, {"model": "recipes.ingredient", "pk": 1676, "fields": {"title": "соевое молоко", "unit": "г"}}, {"model": "recipes.ingredient", "pk": 1677, "fields": {"title": "соевые ростки", "unit": "г"}}, {"model": "recipes.ingredient", "pk": 1678, "fields": {"title": "соевый соус", "unit": "г"}}, {"model": "recipes.ingredient", "pk": 1679, "fields": {"title": "сок", "unit": "г"}}, {"model": "recipes.ingredient", "pk": 1680, "fields": {"title": "сок из красных апельсинов", "unit": "мл"}}, {"model": "recipes.ingredient", "pk": 1681, "fields": {"title": "сок мультивитаминный", "unit": "мл"}}, {"model": "recipes.ingredient", "pk": 1682, "fields": {"title": "сок юзу", "unit": "мл"}}, {"model": "recipes.ingredient", "pk": 1683, "fields": {"title": "солод", "unit": "ч. л."}}, {"model": "recipes.ingredient", "pk": 1684, "fields": {"title": "солод жидкий", "unit": "г"}}, {"model": "recipes.ingredient", "pk": 1685, "fields": {"title": "солодовый экстракт", "unit": "г"}}, {"model": "recipes.ingredient", "pk": 1686, "fields": {"title": "солод темный", "unit": "г"}}, {"model": "recipes.ingredient", "pk": 1687, "fields": {"title": "соломка", "unit": "г"}}, {"model": "recipes.ingredient", "pk": 1688, "fields": {"title": "соль", "unit": "г"}}, {"model": "recipes.ingredient", "pk": 1689, "fields": {"title": "соль гималайская", "unit": "г"}}, {"model": "recipes.ingredient", "pk": 1690, "fields": {"title": "соль крупного помола", "unit": "г"}}, {"model": "recipes.ingredient", "pk": 1691, "fields": {"title": "соль морская", "unit": "г"}}, {"model": "recipes.ingredient", "pk": 1692, "fields": {"title": "сом филе", "unit": "г"}}, {"model": "recipes.ingredient", "pk": 1693, "fields": {"title": "сосиски", "unit": "г"}}, {"model": "recipes.ingredient", "pk": 1694, "fields": {"title": "сосиски из куриного фарша", "unit": "шт."}}, {"model": "recipes.ingredient", "pk": 1695, "fields": {"title": "сосиски копченые", "unit": "г"}}, {"model": "recipes.ingredient", "pk": 1696, "fields": {"title": "соус", "unit": "г"}}, {"model": "recipes.ingredient", "pk": 1697, "fields": {"title": "соус black bean", "unit": "ст. л."}}, {"model": "recipes.ingredient", "pk": 1698, "fields": {"title": "соус sambal oelek", "unit": "ч. л."}}, {"model": "recipes.ingredient", "pk": 1699, "fields": {"title": "соус барбекю", "unit": "г"}}, {"model": "recipes.ingredient", "pk": 1700, "fields": {"title": "соус краснодарский", "unit": "г"}}, {"model": "recipes.ingredient", "pk": 1701, "fields": {"title": "соус красный острый", "unit": "г"}}, {"model": "recipes.ingredient", "pk": 1702, "fields": {"title": "соус мирин", "unit": "по вкусу"}}, {"model": "recipes.ingredient", "pk": 1703, "fields": {"title": "соус наршараб", "unit": "г"}}, {"model": "recipes.ingredient", "pk": 1704, "fields": {"title": "соус острый", "unit": "г"}}, {"model": "recipes.ingredient", "pk": 1705, "fields": {"title": "соус песто", "unit": "по вкусу"}}, {"model": "recipes.ingredient", "pk": 1706, "fields": {"title": "соус сацебели", "unit": "г"}}, {"model": "recipes.ingredient", "pk": 1707, "fields": {"title": "соус табаско", "unit": "капля"}}, {"model": "recipes.ingredient", "pk": 1708, "fields": {"title": "соус терияки", "unit": "г"}}, {"model": "recipes.ingredient", "pk": 1709, "fields": {"title": "соус ткемали", "unit": "стакан"}}, {"model": "recipes.ingredient", "pk": 1710, "fields": {"title": "соус ткемали благородный", "unit": "г"}}, {"model": "recipes.ingredient", "pk": 1711, "fields": {"title": "соус ткемали ранний", "unit": "ст. л."}}, {"model": "recipes.ingredient", "pk": 1712, "fields": {"title": "соус устричный", "unit": "ч. л."}}, {"model": "recipes.ingredient", "pk": 1713, "fields": {"title": "соус чили", "unit": "г"}}, {"model": "recipes.ingredient", "pk": 1714, "fields": {"title": "соус чили сладкий", "unit": "ч. л."}}, {"model": "recipes.ingredient", "pk": 1715, "fields": {"title": "соус экзотический", "unit": "г"}}, {"model": "recipes.ingredient", "pk": 1716, "fields": {"title": "соя", "unit": "г"}}, {"model": "recipes.ingredient", "pk": 1717, "fields": {"title": "спагетти", "unit": "г"}}, {"model": "recipes.ingredient", "pk": 1718, "fields": {"title": "спагетти № 3", "unit": "г"}}, {"model": "recipes.ingredient", "pk": 1719, "fields": {"title": "спагетти № 5", "unit": "г"}}, {"model": "recipes.ingredient", "pk": 1720, "fields": {"title": "спагетти лунги", "unit": "г"}}, {"model": "recipes.ingredient", "pk": 1721, "fields": {"title": "спаржа", "unit": "кг"}}, {"model": "recipes.ingredient", "pk": 1722, "fields": {"title": "спаржа белая", "unit": "г"}}, {"model": "recipes.ingredient", "pk": 1723, "fields": {"title": "спаржа зеленая", "unit": "г"}}, {"model": "recipes.ingredient", "pk": 1724, "fields": {"title": "спаржа молодая", "unit": "г"}}, {"model": "recipes.ingredient", "pk": 1725, "fields": {"title": "спек", "unit": "г"}}, {"model": "recipes.ingredient", "pk": 1726, "fields": {"title": "спельта", "unit": "стакан"}}, {"model": "recipes.ingredient", "pk": 1727, "fields": {"title": "спельтовая (полбяная) мука", "unit": "г"}}, {"model": "recipes.ingredient", "pk": 1728, "fields": {"title": "специи", "unit": "г"}}, {"model": "recipes.ingredient", "pk": 1729, "fields": {"title": "спирт", "unit": "г"}}, {"model": "recipes.ingredient", "pk": 1730, "fields": {"title": "спирулина порошок", "unit": "г"}}, {"model": "recipes.ingredient", "pk": 1731, "fields": {"title": "спред", "unit": "г"}}, {"model": "recipes.ingredient", "pk": 1732, "fields": {"title": "ставрида", "unit": "г"}}, {"model": "recipes.ingredient", "pk": 1733, "fields": {"title": "стейк семги", "unit": "шт."}}, {"model": "recipes.ingredient", "pk": 1734, "fields": {"title": "стейк семги", "unit": "г"}}, {"model": "recipes.ingredient", "pk": 1735, "fields": {"title": "стеклянная лапша", "unit": "г"}}, {"model": "recipes.ingredient", "pk": 1736, "fields": {"title": "страчателла", "unit": "г"}}, {"model": "recipes.ingredient", "pk": 1737, "fields": {"title": "судак", "unit": "г"}}, {"model": "recipes.ingredient", "pk": 1738, "fields": {"title": "судак филе", "unit": "г"}}, {"model": "recipes.ingredient", "pk": 1739, "fields": {"title": "судак филе на коже", "unit": "г"}}, {"model": "recipes.ingredient", "pk": 1740, "fields": {"title": "сулугуни", "unit": "г"}}, {"model": "recipes.ingredient", "pk": 1741, "fields": {"title": "сулугуни копченый", "unit": "г"}}, {"model": "recipes.ingredient", "pk": 1742, "fields": {"title": "сумах", "unit": "г"}}, {"model": "recipes.ingredient", "pk": 1743, "fields": {"title": "суповой набор", "unit": "г"}}, {"model": "recipes.ingredient", "pk": 1744, "fields": {"title": "сухари", "unit": "по вкусу"}}, {"model": "recipes.ingredient", "pk": 1745, "fields": {"title": "сухари белые", "unit": "г"}}, {"model": "recipes.ingredient", "pk": 1746, "fields": {"title": "сухари молотые", "unit": "г"}}, {"model": "recipes.ingredient", "pk": 1747, "fields": {"title": "сухари панировочные", "unit": "г"}}, {"model": "recipes.ingredient", "pk": 1748, "fields": {"title": "сухари ржаные", "unit": "г"}}, {"model": "recipes.ingredient", "pk": 1749, "fields": {"title": "сухарная крошка", "unit": "г"}}, {"model": "recipes.ingredient", "pk": 1750, "fields": {"title": "сухофрукты", "unit": "г"}}, {"model": "recipes.ingredient", "pk": 1751, "fields": {"title": "сухофрукты тропические", "unit": "по вкусу"}}, {"model": "recipes.ingredient", "pk": 1752, "fields": {"title": "сушки", "unit": "г"}}, {"model": "recipes.ingredient", "pk": 1753, "fields": {"title": "сыворотка", "unit": "г"}}, {"model": "recipes.ingredient", "pk": 1754, "fields": {"title": "сыр", "unit": "г"}}, {"model": "recipes.ingredient", "pk": 1755, "fields": {"title": "сыр tete de moine", "unit": "г"}}, {"model": "recipes.ingredient", "pk": 1756, "fields": {"title": "сыр Австрия блю", "unit": "г"}}, {"model": "recipes.ingredient", "pk": 1757, "fields": {"title": "сыр адыгейский", "unit": "г"}}, {"model": "recipes.ingredient", "pk": 1758, "fields": {"title": "сыр бри", "unit": "г"}}, {"model": "recipes.ingredient", "pk": 1759, "fields": {"title": "сыр буко", "unit": "г"}}, {"model": "recipes.ingredient", "pk": 1760, "fields": {"title": "сыр гауда", "unit": "г"}}, {"model": "recipes.ingredient", "pk": 1761, "fields": {"title": "сыр гойя", "unit": "г"}}, {"model": "recipes.ingredient", "pk": 1762, "fields": {"title": "сыр голландский", "unit": "г"}}, {"model": "recipes.ingredient", "pk": 1763, "fields": {"title": "сыр голубой", "unit": "г"}}, {"model": "recipes.ingredient", "pk": 1764, "fields": {"title": "сыр гравьера", "unit": "г"}}, {"model": "recipes.ingredient", "pk": 1765, "fields": {"title": "сыр джугас", "unit": "г"}}, {"model": "recipes.ingredient", "pk": 1766, "fields": {"title": "сыр домашний", "unit": "г"}}, {"model": "recipes.ingredient", "pk": 1767, "fields": {"title": "сыр дорблю", "unit": "г"}}, {"model": "recipes.ingredient", "pk": 1768, "fields": {"title": "сыр имеретинский", "unit": "г"}}, {"model": "recipes.ingredient", "pk": 1769, "fields": {"title": "сыр кефалотири", "unit": "г"}}, {"model": "recipes.ingredient", "pk": 1770, "fields": {"title": "сырки творожные", "unit": "г"}}, {"model": "recipes.ingredient", "pk": 1771, "fields": {"title": "сыр козий мягкий", "unit": "г"}}, {"model": "recipes.ingredient", "pk": 1772, "fields": {"title": "сыр козий твердый", "unit": "г"}}, {"model": "recipes.ingredient", "pk": 1773, "fields": {"title": "сыр колбасный", "unit": "г"}}, {"model": "recipes.ingredient", "pk": 1774, "fields": {"title": "сыр копченый", "unit": "г"}}, {"model": "recipes.ingredient", "pk": 1775, "fields": {"title": "сыр коттедж", "unit": "г"}}, {"model": "recipes.ingredient", "pk": 1776, "fields": {"title": "сыр Маскарпоне", "unit": "г"}}, {"model": "recipes.ingredient", "pk": 1777, "fields": {"title": "сыр мраморный", "unit": "г"}}, {"model": "recipes.ingredient", "pk": 1778, "fields": {"title": "сыр мягкий", "unit": "по вкусу"}}, {"model": "recipes.ingredient", "pk": 1779, "fields": {"title": "сыр овечий", "unit": "г"}}, {"model": "recipes.ingredient", "pk": 1780, "fields": {"title": "сыр панир", "unit": "г"}}, {"model": "recipes.ingredient", "pk": 1781, "fields": {"title": "сыр пеше миньон", "unit": "г"}}, {"model": "recipes.ingredient", "pk": 1782, "fields": {"title": "сыр плавленый", "unit": "г"}}, {"model": "recipes.ingredient", "pk": 1783, "fields": {"title": "сыр плавленый шоколадный", "unit": "г"}}, {"model": "recipes.ingredient", "pk": 1784, "fields": {"title": "сыр пластинками", "unit": "г"}}, {"model": "recipes.ingredient", "pk": 1785, "fields": {"title": "сыр полутвердый", "unit": "г"}}, {"model": "recipes.ingredient", "pk": 1786, "fields": {"title": "сыр провола", "unit": "г"}}, {"model": "recipes.ingredient", "pk": 1787, "fields": {"title": "сыр российский", "unit": "г"}}, {"model": "recipes.ingredient", "pk": 1788, "fields": {"title": "сыр скаморца", "unit": "г"}}, {"model": "recipes.ingredient", "pk": 1789, "fields": {"title": "сыр скаморца копченый", "unit": "г"}}, {"model": "recipes.ingredient", "pk": 1790, "fields": {"title": "сыр сливочный", "unit": "г"}}, {"model": "recipes.ingredient", "pk": 1791, "fields": {"title": "сыр с плесенью", "unit": "г"}}, {"model": "recipes.ingredient", "pk": 1792, "fields": {"title": "сыр с плесенью мягкий", "unit": "г"}}, {"model": "recipes.ingredient", "pk": 1793, "fields": {"title": "сыр твердый", "unit": "г"}}, {"model": "recipes.ingredient", "pk": 1794, "fields": {"title": "сыр филадельфия", "unit": "г"}}, {"model": "recipes.ingredient", "pk": 1795, "fields": {"title": "сыр фонтина", "unit": "г"}}, {"model": "recipes.ingredient", "pk": 1796, "fields": {"title": "сыр хаварти", "unit": "г"}}, {"model": "recipes.ingredient", "pk": 1797, "fields": {"title": "сыр швейцарский", "unit": "г"}}, {"model": "recipes.ingredient", "pk": 1798, "fields": {"title": "сычужный фермент", "unit": "ч. л."}}, {"model": "recipes.ingredient", "pk": 1799, "fields": {"title": "таледжо", "unit": "г"}}, {"model": "recipes.ingredient", "pk": 1800, "fields": {"title": "тальолини", "unit": "г"}}, {"model": "recipes.ingredient", "pk": 1801, "fields": {"title": "тальятелле", "unit": "г"}}, {"model": "recipes.ingredient", "pk": 1802, "fields": {"title": "тальятелле-гнезда", "unit": "шт."}}, {"model": "recipes.ingredient", "pk": 1803, "fields": {"title": "тамаринд", "unit": "шт."}}, {"model": "recipes.ingredient", "pk": 1804, "fields": {"title": "тамариндовая паста", "unit": "ч. л."}}, {"model": "recipes.ingredient", "pk": 1805, "fields": {"title": "тапиока", "unit": "г"}}, {"model": "recipes.ingredient", "pk": 1806, "fields": {"title": "тарталетки", "unit": "по вкусу"}}, {"model": "recipes.ingredient", "pk": 1807, "fields": {"title": "тартар", "unit": "ст. л."}}, {"model": "recipes.ingredient", "pk": 1808, "fields": {"title": "тархун", "unit": "г"}}, {"model": "recipes.ingredient", "pk": 1809, "fields": {"title": "творог", "unit": "г"}}, {"model": "recipes.ingredient", "pk": 1810, "fields": {"title": "творог 18%", "unit": "г"}}, {"model": "recipes.ingredient", "pk": 1811, "fields": {"title": "творог 2%", "unit": "г"}}, {"model": "recipes.ingredient", "pk": 1812, "fields": {"title": "творог 5%", "unit": "г"}}, {"model": "recipes.ingredient", "pk": 1813, "fields": {"title": "творог 9%", "unit": "г"}}, {"model": "recipes.ingredient", "pk": 1814, "fields": {"title": "творог жирный", "unit": "г"}}, {"model": "recipes.ingredient", "pk": 1815, "fields": {"title": "творог зерненый", "unit": "г"}}, {"model": "recipes.ingredient", "pk": 1816, "fields": {"title": "творог обезжиренный", "unit": "г"}}, {"model": "recipes.ingredient", "pk": 1817, "fields": {"title": "творожная масса", "unit": "г"}}, {"model": "recipes.ingredient", "pk": 1818, "fields": {"title": "творожная паста", "unit": "г"}}, {"model": "recipes.ingredient", "pk": 1819, "fields": {"title": "творожный сыр", "unit": "г"}}, {"model": "recipes.ingredient", "pk": 1820, "fields": {"title": "творожный сыр соленый", "unit": "г"}}, {"model": "recipes.ingredient", "pk": 1821, "fields": {"title": "творожок клубничный", "unit": "г"}}, {"model": "recipes.ingredient", "pk": 1822, "fields": {"title": "текила", "unit": "стакан"}}, {"model": "recipes.ingredient", "pk": 1823, "fields": {"title": "телятина", "unit": "по вкусу"}}, {"model": "recipes.ingredient", "pk": 1824, "fields": {"title": "телятина вареная", "unit": "г"}}, {"model": "recipes.ingredient", "pk": 1825, "fields": {"title": "телячий фарш", "unit": "г"}}, {"model": "recipes.ingredient", "pk": 1826, "fields": {"title": "телячьи отбивные на косточке", "unit": "шт."}}, {"model": "recipes.ingredient", "pk": 1827, "fields": {"title": "телячьи шницели", "unit": "шт."}}, {"model": "recipes.ingredient", "pk": 1828, "fields": {"title": "телячьи эскалопы", "unit": "г"}}, {"model": "recipes.ingredient", "pk": 1829, "fields": {"title": "телячья вырезка", "unit": "г"}}, {"model": "recipes.ingredient", "pk": 1830, "fields": {"title": "телячья печень", "unit": "г"}}, {"model": "recipes.ingredient", "pk": 1831, "fields": {"title": "телячья щека", "unit": "шт."}}, {"model": "recipes.ingredient", "pk": 1832, "fields": {"title": "тесто бездрожжевое", "unit": "г"}}, {"model": "recipes.ingredient", "pk": 1833, "fields": {"title": "тесто готовое", "unit": "г"}}, {"model": "recipes.ingredient", "pk": 1834, "fields": {"title": "тесто для вонтонов", "unit": "г"}}, {"model": "recipes.ingredient", "pk": 1835, "fields": {"title": "тесто для пиццы", "unit": "шт."}}, {"model": "recipes.ingredient", "pk": 1836, "fields": {"title": "тесто дрожжевое", "unit": "по вкусу"}}, {"model": "recipes.ingredient", "pk": 1837, "fields": {"title": "тесто катаифи", "unit": "г"}}, {"model": "recipes.ingredient", "pk": 1838, "fields": {"title": "тесто макаронное", "unit": "г"}}, {"model": "recipes.ingredient", "pk": 1839, "fields": {"title": "тесто макаронное для лазаньи", "unit": "г"}}, {"model": "recipes.ingredient", "pk": 1840, "fields": {"title": "тесто пельменное", "unit": "г"}}, {"model": "recipes.ingredient", "pk": 1841, "fields": {"title": "тесто песочное", "unit": "по вкусу"}}, {"model": "recipes.ingredient", "pk": 1842, "fields": {"title": "тесто пресное", "unit": "г"}}, {"model": "recipes.ingredient", "pk": 1843, "fields": {"title": "тесто пряничное", "unit": "г"}}, {"model": "recipes.ingredient", "pk": 1844, "fields": {"title": "тесто слоеное", "unit": "г"}}, {"model": "recipes.ingredient", "pk": 1845, "fields": {"title": "тесто слоеное бездрожжевое", "unit": "по вкусу"}}, {"model": "recipes.ingredient", "pk": 1846, "fields": {"title": "тесто слоеное дрожжевое", "unit": "кг"}}, {"model": "recipes.ingredient", "pk": 1847, "fields": {"title": "тесто фило", "unit": "г"}}, {"model": "recipes.ingredient", "pk": 1848, "fields": {"title": "тилапия", "unit": "г"}}, {"model": "recipes.ingredient", "pk": 1849, "fields": {"title": "тилапия филе", "unit": "г"}}, {"model": "recipes.ingredient", "pk": 1850, "fields": {"title": "тильзитер", "unit": "г"}}, {"model": "recipes.ingredient", "pk": 1851, "fields": {"title": "тимьян", "unit": "горсть"}}, {"model": "recipes.ingredient", "pk": 1852, "fields": {"title": "тимьян лимонный", "unit": "веточка"}}, {"model": "recipes.ingredient", "pk": 1853, "fields": {"title": "тимьян свежий", "unit": "по вкусу"}}, {"model": "recipes.ingredient", "pk": 1854, "fields": {"title": "тимьян сушеный", "unit": "г"}}, {"model": "recipes.ingredient", "pk": 1855, "fields": {"title": "ткемали", "unit": "г"}}, {"model": "recipes.ingredient", "pk": 1856, "fields": {"title": "тмин", "unit": "г"}}, {"model": "recipes.ingredient", "pk": 1857, "fields": {"title": "тмин молотый", "unit": "г"}}, {"model": "recipes.ingredient", "pk": 1858, "fields": {"title": "томатная паста", "unit": "г"}}, {"model": "recipes.ingredient", "pk": 1859, "fields": {"title": "томатное пюре", "unit": "г"}}, {"model": "recipes.ingredient", "pk": 1860, "fields": {"title": "томатный концентрат", "unit": "г"}}, {"model": "recipes.ingredient", "pk": 1861, "fields": {"title": "томатный порошок", "unit": "г"}}, {"model": "recipes.ingredient", "pk": 1862, "fields": {"title": "томатный сок", "unit": "г"}}, {"model": "recipes.ingredient", "pk": 1863, "fields": {"title": "томатный соус", "unit": "г"}}, {"model": "recipes.ingredient", "pk": 1864, "fields": {"title": "томатный соус итальянский", "unit": "г"}}, {"model": "recipes.ingredient", "pk": 1865, "fields": {"title": "томатный соус острый", "unit": "г"}}, {"model": "recipes.ingredient", "pk": 1866, "fields": {"title": "томатный соус с базиликом", "unit": "г"}}, {"model": "recipes.ingredient", "pk": 1867, "fields": {"title": "тоник", "unit": "бутылка"}}, {"model": "recipes.ingredient", "pk": 1868, "fields": {"title": "топинамбур", "unit": "г"}}, {"model": "recipes.ingredient", "pk": 1869, "fields": {"title": "топленое масло", "unit": "г"}}, {"model": "recipes.ingredient", "pk": 1870, "fields": {"title": "тортильи", "unit": "по вкусу"}}, {"model": "recipes.ingredient", "pk": 1871, "fields": {"title": "тортильони", "unit": "г"}}, {"model": "recipes.ingredient", "pk": 1872, "fields": {"title": "тофу", "unit": "г"}}, {"model": "recipes.ingredient", "pk": 1873, "fields": {"title": "травы ароматные", "unit": "г"}}, {"model": "recipes.ingredient", "pk": 1874, "fields": {"title": "травы пряные с перцем", "unit": "ч. л."}}, {"model": "recipes.ingredient", "pk": 1875, "fields": {"title": "травы сухие", "unit": "г"}}, {"model": "recipes.ingredient", "pk": 1876, "fields": {"title": "треска", "unit": "г"}}, {"model": "recipes.ingredient", "pk": 1877, "fields": {"title": "треска печень", "unit": "г"}}, {"model": "recipes.ingredient", "pk": 1878, "fields": {"title": "треска филе", "unit": "г"}}, {"model": "recipes.ingredient", "pk": 1879, "fields": {"title": "трюфель", "unit": "г"}}, {"model": "recipes.ingredient", "pk": 1880, "fields": {"title": "трюфельная крошка", "unit": "г"}}, {"model": "recipes.ingredient", "pk": 1881, "fields": {"title": "трюфельное масло", "unit": "ст. л."}}, {"model": "recipes.ingredient", "pk": 1882, "fields": {"title": "трюфель черный", "unit": "шт."}}, {"model": "recipes.ingredient", "pk": 1883, "fields": {"title": "тунец", "unit": "по вкусу"}}, {"model": "recipes.ingredient", "pk": 1884, "fields": {"title": "тунец консервированный", "unit": "г"}}, {"model": "recipes.ingredient", "pk": 1885, "fields": {"title": "тунец филе", "unit": "г"}}, {"model": "recipes.ingredient", "pk": 1886, "fields": {"title": "тушенка", "unit": "г"}}, {"model": "recipes.ingredient", "pk": 1887, "fields": {"title": "тыква", "unit": "г"}}, {"model": "recipes.ingredient", "pk": 1888, "fields": {"title": "тыквенное масло", "unit": "шт."}}, {"model": "recipes.ingredient", "pk": 1889, "fields": {"title": "тыквенное пюре", "unit": "г"}}, {"model": "recipes.ingredient", "pk": 1890, "fields": {"title": "тыквенные семечки", "unit": "г"}}, {"model": "recipes.ingredient", "pk": 1891, "fields": {"title": "тюлька свежая", "unit": "г"}}, {"model": "recipes.ingredient", "pk": 1892, "fields": {"title": "угорь", "unit": "г"}}, {"model": "recipes.ingredient", "pk": 1893, "fields": {"title": "угорь копченый", "unit": "г"}}, {"model": "recipes.ingredient", "pk": 1894, "fields": {"title": "угурт", "unit": "г"}}, {"model": "recipes.ingredient", "pk": 1895, "fields": {"title": "укроп", "unit": "г"}}, {"model": "recipes.ingredient", "pk": 1896, "fields": {"title": "укропное семя", "unit": "ч. л."}}, {"model": "recipes.ingredient", "pk": 1897, "fields": {"title": "укроп свежий", "unit": "г"}}, {"model": "recipes.ingredient", "pk": 1898, "fields": {"title": "укроп сушеный", "unit": "г"}}, {"model": "recipes.ingredient", "pk": 1899, "fields": {"title": "уксус", "unit": "г"}}, {"model": "recipes.ingredient", "pk": 1900, "fields": {"title": "уксус 9%", "unit": "г"}}, {"model": "recipes.ingredient", "pk": 1901, "fields": {"title": "уксус из сидра", "unit": "ст. л."}}, {"model": "recipes.ingredient", "pk": 1902, "fields": {"title": "уксусная эссенция", "unit": "г"}}, {"model": "recipes.ingredient", "pk": 1903, "fields": {"title": "уксус столовый", "unit": "г"}}, {"model": "recipes.ingredient", "pk": 1904, "fields": {"title": "улитки", "unit": "г"}}, {"model": "recipes.ingredient", "pk": 1905, "fields": {"title": "улитки виноградные", "unit": "шт."}}, {"model": "recipes.ingredient", "pk": 1906, "fields": {"title": "урюк", "unit": "г"}}, {"model": "recipes.ingredient", "pk": 1907, "fields": {"title": "устрицы", "unit": "г"}}, {"model": "recipes.ingredient", "pk": 1908, "fields": {"title": "утиная грудка", "unit": "г"}}, {"model": "recipes.ingredient", "pk": 1909, "fields": {"title": "утиная печень", "unit": "г"}}, {"model": "recipes.ingredient", "pk": 1910, "fields": {"title": "утиное филе", "unit": "г"}}, {"model": "recipes.ingredient", "pk": 1911, "fields": {"title": "утиные бедрышки", "unit": "г"}}, {"model": "recipes.ingredient", "pk": 1912, "fields": {"title": "утиные ножки", "unit": "по вкусу"}}, {"model": "recipes.ingredient", "pk": 1913, "fields": {"title": "утка", "unit": "по вкусу"}}, {"model": "recipes.ingredient", "pk": 1914, "fields": {"title": "утка печеная", "unit": "г"}}, {"model": "recipes.ingredient", "pk": 1915, "fields": {"title": "утка тушка", "unit": "тушка"}}, {"model": "recipes.ingredient", "pk": 1916, "fields": {"title": "уцхо-сунели", "unit": "г"}}, {"model": "recipes.ingredient", "pk": 1917, "fields": {"title": "фазан", "unit": "г"}}, {"model": "recipes.ingredient", "pk": 1918, "fields": {"title": "фарш (баранина и говядина)", "unit": "г"}}, {"model": "recipes.ingredient", "pk": 1919, "fields": {"title": "фарш (свинина и курица)", "unit": "г"}}, {"model": "recipes.ingredient", "pk": 1920, "fields": {"title": "фасоль", "unit": "г"}}, {"model": "recipes.ingredient", "pk": 1921, "fields": {"title": "фасоль белая", "unit": "г"}}, {"model": "recipes.ingredient", "pk": 1922, "fields": {"title": "фасоль белая консервированная", "unit": "г"}}, {"model": "recipes.ingredient", "pk": 1923, "fields": {"title": "фасоль белая лима", "unit": "г"}}, {"model": "recipes.ingredient", "pk": 1924, "fields": {"title": "фасоль зеленая стручковая", "unit": "г"}}, {"model": "recipes.ingredient", "pk": 1925, "fields": {"title": "фасоль кенийская", "unit": "горсть"}}, {"model": "recipes.ingredient", "pk": 1926, "fields": {"title": "фасоль кидни красная", "unit": "г"}}, {"model": "recipes.ingredient", "pk": 1927, "fields": {"title": "фасоль консервированная", "unit": "г"}}, {"model": "recipes.ingredient", "pk": 1928, "fields": {"title": "фасоль красная", "unit": "г"}}, {"model": "recipes.ingredient", "pk": 1929, "fields": {"title": "фасоль красная вареная", "unit": "стакан"}}, {"model": "recipes.ingredient", "pk": 1930, "fields": {"title": "фасоль красная консервированная", "unit": "г"}}, {"model": "recipes.ingredient", "pk": 1931, "fields": {"title": "фасоль молодая замороженная", "unit": "г"}}, {"model": "recipes.ingredient", "pk": 1932, "fields": {"title": "фасоль пинто", "unit": "г"}}, {"model": "recipes.ingredient", "pk": 1933, "fields": {"title": "фасоль спаржевая вареная", "unit": "г"}}, {"model": "recipes.ingredient", "pk": 1934, "fields": {"title": "фасоль стручковая", "unit": "г"}}, {"model": "recipes.ingredient", "pk": 1935, "fields": {"title": "фасоль стручковая замороженная", "unit": "г"}}, {"model": "recipes.ingredient", "pk": 1936, "fields": {"title": "фасоль стручковая консервированная", "unit": "г"}}, {"model": "recipes.ingredient", "pk": 1937, "fields": {"title": "фасоль черный глаз", "unit": "г"}}, {"model": "recipes.ingredient", "pk": 1938, "fields": {"title": "фейхоа", "unit": "г"}}, {"model": "recipes.ingredient", "pk": 1939, "fields": {"title": "фенхель", "unit": "г"}}, {"model": "recipes.ingredient", "pk": 1940, "fields": {"title": "фенхель семена", "unit": "г"}}, {"model": "recipes.ingredient", "pk": 1941, "fields": {"title": "фенхель семена молотые", "unit": "г"}}, {"model": "recipes.ingredient", "pk": 1942, "fields": {"title": "фестонате", "unit": "г"}}, {"model": "recipes.ingredient", "pk": 1943, "fields": {"title": "фета", "unit": "г"}}, {"model": "recipes.ingredient", "pk": 1944, "fields": {"title": "фетаки", "unit": "г"}}, {"model": "recipes.ingredient", "pk": 1945, "fields": {"title": "фетакса", "unit": "г"}}, {"model": "recipes.ingredient", "pk": 1946, "fields": {"title": "феттучине", "unit": "г"}}, {"model": "recipes.ingredient", "pk": 1947, "fields": {"title": "фиалки засахаренные", "unit": "шт."}}, {"model": "recipes.ingredient", "pk": 1948, "fields": {"title": "фиалковый сироп", "unit": "г"}}, {"model": "recipes.ingredient", "pk": 1949, "fields": {"title": "физалис", "unit": "по вкусу"}}, {"model": "recipes.ingredient", "pk": 1950, "fields": {"title": "филе красного окуня", "unit": "шт."}}, {"model": "recipes.ingredient", "pk": 1951, "fields": {"title": "филе лосося", "unit": "г"}}, {"model": "recipes.ingredient", "pk": 1952, "fields": {"title": "филе палтуса", "unit": "шт."}}, {"model": "recipes.ingredient", "pk": 1953, "fields": {"title": "финики", "unit": "г"}}, {"model": "recipes.ingredient", "pk": 1954, "fields": {"title": "финики без косточек", "unit": "стакан"}}, {"model": "recipes.ingredient", "pk": 1955, "fields": {"title": "финики иранские", "unit": "г"}}, {"model": "recipes.ingredient", "pk": 1956, "fields": {"title": "финики иранские без косточек", "unit": "шт."}}, {"model": "recipes.ingredient", "pk": 1957, "fields": {"title": "фисташки", "unit": "г"}}, {"model": "recipes.ingredient", "pk": 1958, "fields": {"title": "фисташки очищенные", "unit": "г"}}, {"model": "recipes.ingredient", "pk": 1959, "fields": {"title": "фисташки очищенные несоленые", "unit": "горсть"}}, {"model": "recipes.ingredient", "pk": 1960, "fields": {"title": "фисташки рубленые", "unit": "г"}}, {"model": "recipes.ingredient", "pk": 1961, "fields": {"title": "фисташковая мука", "unit": "г"}}, {"model": "recipes.ingredient", "pk": 1962, "fields": {"title": "фисташковая паста", "unit": "г"}}, {"model": "recipes.ingredient", "pk": 1963, "fields": {"title": "фисташковое масло", "unit": "г"}}, {"model": "recipes.ingredient", "pk": 1964, "fields": {"title": "фокачча", "unit": "по вкусу"}}, {"model": "recipes.ingredient", "pk": 1965, "fields": {"title": "форель", "unit": "г"}}, {"model": "recipes.ingredient", "pk": 1966, "fields": {"title": "форель вареная", "unit": "г"}}, {"model": "recipes.ingredient", "pk": 1967, "fields": {"title": "форель горячего копчения", "unit": "г"}}, {"model": "recipes.ingredient", "pk": 1968, "fields": {"title": "форель озерная свежая", "unit": "шт."}}, {"model": "recipes.ingredient", "pk": 1969, "fields": {"title": "форель слабосоленая", "unit": "г"}}, {"model": "recipes.ingredient", "pk": 1970, "fields": {"title": "форель слабосоленая", "unit": "г"}}, {"model": "recipes.ingredient", "pk": 1971, "fields": {"title": "форель стейки", "unit": "шт."}}, {"model": "recipes.ingredient", "pk": 1972, "fields": {"title": "форель филе", "unit": "г"}}, {"model": "recipes.ingredient", "pk": 1973, "fields": {"title": "форель холодного копчения", "unit": "г"}}, {"model": "recipes.ingredient", "pk": 1974, "fields": {"title": "фрикадельки", "unit": "г"}}, {"model": "recipes.ingredient", "pk": 1975, "fields": {"title": "фрукт дракона", "unit": "шт."}}, {"model": "recipes.ingredient", "pk": 1976, "fields": {"title": "фруктовый сироп", "unit": "г"}}, {"model": "recipes.ingredient", "pk": 1977, "fields": {"title": "фруктовый сок", "unit": "г"}}, {"model": "recipes.ingredient", "pk": 1978, "fields": {"title": "фруктовый сок без сахара", "unit": "стакан"}}, {"model": "recipes.ingredient", "pk": 1979, "fields": {"title": "фруктоза", "unit": "г"}}, {"model": "recipes.ingredient", "pk": 1980, "fields": {"title": "фрукты", "unit": "г"}}, {"model": "recipes.ingredient", "pk": 1981, "fields": {"title": "фрукты консервированные", "unit": "г"}}, {"model": "recipes.ingredient", "pk": 1982, "fields": {"title": "фундук", "unit": "г"}}, {"model": "recipes.ingredient", "pk": 1983, "fields": {"title": "фундучная мука", "unit": "г"}}, {"model": "recipes.ingredient", "pk": 1984, "fields": {"title": "фунчоза", "unit": "г"}}, {"model": "recipes.ingredient", "pk": 1985, "fields": {"title": "халва", "unit": "г"}}, {"model": "recipes.ingredient", "pk": 1986, "fields": {"title": "халва ванильная", "unit": "г"}}, {"model": "recipes.ingredient", "pk": 1987, "fields": {"title": "халва подсолнечная", "unit": "г"}}, {"model": "recipes.ingredient", "pk": 1988, "fields": {"title": "халуми", "unit": "г"}}, {"model": "recipes.ingredient", "pk": 1989, "fields": {"title": "хамон", "unit": "г"}}, {"model": "recipes.ingredient", "pk": 1990, "fields": {"title": "хек", "unit": "г"}}, {"model": "recipes.ingredient", "pk": 1991, "fields": {"title": "хек филе", "unit": "г"}}, {"model": "recipes.ingredient", "pk": 1992, "fields": {"title": "херес", "unit": "стакан"}}, {"model": "recipes.ingredient", "pk": 1993, "fields": {"title": "хересный уксус", "unit": "ч. л."}}, {"model": "recipes.ingredient", "pk": 1994, "fields": {"title": "хлеб", "unit": "г"}}, {"model": "recipes.ingredient", "pk": 1995, "fields": {"title": "хлеб 7 злаков", "unit": "батон"}}, {"model": "recipes.ingredient", "pk": 1996, "fields": {"title": "хлеб белый", "unit": "г"}}, {"model": "recipes.ingredient", "pk": 1997, "fields": {"title": "хлеб белый сухой", "unit": "г"}}, {"model": "recipes.ingredient", "pk": 1998, "fields": {"title": "хлеб бородинский", "unit": "кусок"}}, {"model": "recipes.ingredient", "pk": 1999, "fields": {"title": "хлеб датский ржаной", "unit": "г"}}, {"model": "recipes.ingredient", "pk": 2000, "fields": {"title": "хлеб для сэндвичей", "unit": "г"}}, {"model": "recipes.ingredient", "pk": 2001, "fields": {"title": "хлебная крошка", "unit": "г"}}, {"model": "recipes.ingredient", "pk": 2002, "fields": {"title": "хлеб ржаной", "unit": "г"}}, {"model": "recipes.ingredient", "pk": 2003, "fields": {"title": "хлеб серый", "unit": "г"}}, {"model": "recipes.ingredient", "pk": 2004, "fields": {"title": "хлеб с кунжутом", "unit": "кусок"}}, {"model": "recipes.ingredient", "pk": 2005, "fields": {"title": "хлеб цельнозерновой", "unit": "г"}}, {"model": "recipes.ingredient", "pk": 2006, "fields": {"title": "хлебцы пшенично-ржаные цельнозерновые", "unit": "г"}}, {"model": "recipes.ingredient", "pk": 2007, "fields": {"title": "хлопья 4 злака", "unit": "г"}}, {"model": "recipes.ingredient", "pk": 2008, "fields": {"title": "хлопья 5 злаков", "unit": "г"}}, {"model": "recipes.ingredient", "pk": 2009, "fields": {"title": "хлопья 7 злаков", "unit": "ст. л."}}, {"model": "recipes.ingredient", "pk": 2010, "fields": {"title": "хлопья быстрого приготовления", "unit": "стакан"}}, {"model": "recipes.ingredient", "pk": 2011, "fields": {"title": "хлорид кальция", "unit": "г"}}, {"model": "recipes.ingredient", "pk": 2012, "fields": {"title": "хмели-сунели", "unit": "г"}}, {"model": "recipes.ingredient", "pk": 2013, "fields": {"title": "хмель", "unit": "ст. л."}}, {"model": "recipes.ingredient", "pk": 2014, "fields": {"title": "хрен", "unit": "г"}}, {"model": "recipes.ingredient", "pk": 2015, "fields": {"title": "хрен протертый", "unit": "г"}}, {"model": "recipes.ingredient", "pk": 2016, "fields": {"title": "хрен со сливками", "unit": "г"}}, {"model": "recipes.ingredient", "pk": 2017, "fields": {"title": "хурма", "unit": "г"}}, {"model": "recipes.ingredient", "pk": 2018, "fields": {"title": "хурма спелая", "unit": "г"}}, {"model": "recipes.ingredient", "pk": 2019, "fields": {"title": "цесарка тушка", "unit": "г"}}, {"model": "recipes.ingredient", "pk": 2020, "fields": {"title": "цикорий", "unit": "ч. л."}}, {"model": "recipes.ingredient", "pk": 2021, "fields": {"title": "цитроновые цукаты", "unit": "горсть"}}, {"model": "recipes.ingredient", "pk": 2022, "fields": {"title": "цитрусовые цукаты", "unit": "шт."}}, {"model": "recipes.ingredient", "pk": 2023, "fields": {"title": "цитрусовый свежевыжатый сок", "unit": "мл"}}, {"model": "recipes.ingredient", "pk": 2024, "fields": {"title": "цукаты", "unit": "г"}}, {"model": "recipes.ingredient", "pk": 2025, "fields": {"title": "цукини", "unit": "г"}}, {"model": "recipes.ingredient", "pk": 2026, "fields": {"title": "цукини цветы", "unit": "шт."}}, {"model": "recipes.ingredient", "pk": 2027, "fields": {"title": "цыплята", "unit": "г"}}, {"model": "recipes.ingredient", "pk": 2028, "fields": {"title": "цыплята-корнишоны", "unit": "шт."}}, {"model": "recipes.ingredient", "pk": 2029, "fields": {"title": "чабер", "unit": "г"}}, {"model": "recipes.ingredient", "pk": 2030, "fields": {"title": "чабрец", "unit": "г"}}, {"model": "recipes.ingredient", "pk": 2031, "fields": {"title": "чабрец сушеный", "unit": "г"}}, {"model": "recipes.ingredient", "pk": 2032, "fields": {"title": "чай дарджилинг", "unit": "пакетик"}}, {"model": "recipes.ingredient", "pk": 2033, "fields": {"title": "чай жасминовый", "unit": "ст. л."}}, {"model": "recipes.ingredient", "pk": 2034, "fields": {"title": "чай зеленый", "unit": "пакетик"}}, {"model": "recipes.ingredient", "pk": 2035, "fields": {"title": "чай копченый лапсанг сушонг", "unit": "г"}}, {"model": "recipes.ingredient", "pk": 2036, "fields": {"title": "чай красный", "unit": "г"}}, {"model": "recipes.ingredient", "pk": 2037, "fields": {"title": "чай ройбуш", "unit": "ст. л."}}, {"model": "recipes.ingredient", "pk": 2038, "fields": {"title": "чай черный", "unit": "г"}}, {"model": "recipes.ingredient", "pk": 2039, "fields": {"title": "чай черный крупнолистовой", "unit": "ч. л."}}, {"model": "recipes.ingredient", "pk": 2040, "fields": {"title": "чай черный со специями", "unit": "пакет"}}, {"model": "recipes.ingredient", "pk": 2041, "fields": {"title": "чай эрл грей", "unit": "стакан"}}, {"model": "recipes.ingredient", "pk": 2042, "fields": {"title": "чатни манго", "unit": "г"}}, {"model": "recipes.ingredient", "pk": 2043, "fields": {"title": "чеддер", "unit": "г"}}, {"model": "recipes.ingredient", "pk": 2044, "fields": {"title": "черемуха", "unit": "г"}}, {"model": "recipes.ingredient", "pk": 2045, "fields": {"title": "черемуховая мука", "unit": "г"}}, {"model": "recipes.ingredient", "pk": 2046, "fields": {"title": "черемша", "unit": "г"}}, {"model": "recipes.ingredient", "pk": 2047, "fields": {"title": "черешневый джем", "unit": "г"}}, {"model": "recipes.ingredient", "pk": 2048, "fields": {"title": "черешня", "unit": "г"}}, {"model": "recipes.ingredient", "pk": 2049, "fields": {"title": "черешня консервированная без косточек", "unit": "ст. л."}}, {"model": "recipes.ingredient", "pk": 2050, "fields": {"title": "черная смородина", "unit": "г"}}, {"model": "recipes.ingredient", "pk": 2051, "fields": {"title": "черника", "unit": "г"}}, {"model": "recipes.ingredient", "pk": 2052, "fields": {"title": "черника замороженная", "unit": "г"}}, {"model": "recipes.ingredient", "pk": 2053, "fields": {"title": "чернила каракатицы", "unit": "г"}}, {"model": "recipes.ingredient", "pk": 2054, "fields": {"title": "черничный джем", "unit": "стакан"}}, {"model": "recipes.ingredient", "pk": 2055, "fields": {"title": "чернослив", "unit": "г"}}, {"model": "recipes.ingredient", "pk": 2056, "fields": {"title": "чернослив без косточек", "unit": "г"}}, {"model": "recipes.ingredient", "pk": 2057, "fields": {"title": "чернослив вяленый", "unit": "г"}}, {"model": "recipes.ingredient", "pk": 2058, "fields": {"title": "чернослив копченый без косточек", "unit": "г"}}, {"model": "recipes.ingredient", "pk": 2059, "fields": {"title": "черносмородиновое варенье", "unit": "г"}}, {"model": "recipes.ingredient", "pk": 2060, "fields": {"title": "черносмородиновый джем", "unit": "г"}}, {"model": "recipes.ingredient", "pk": 2061, "fields": {"title": "чеснок", "unit": "г"}}, {"model": "recipes.ingredient", "pk": 2062, "fields": {"title": "чеснок молодой", "unit": "г"}}, {"model": "recipes.ingredient", "pk": 2063, "fields": {"title": "чеснок сушеный", "unit": "г"}}, {"model": "recipes.ingredient", "pk": 2064, "fields": {"title": "чесночная соль", "unit": "щепотка"}}, {"model": "recipes.ingredient", "pk": 2065, "fields": {"title": "чесночное масло", "unit": "по вкусу"}}, {"model": "recipes.ingredient", "pk": 2066, "fields": {"title": "чесночный порошок", "unit": "г"}}, {"model": "recipes.ingredient", "pk": 2067, "fields": {"title": "чечевица", "unit": "г"}}, {"model": "recipes.ingredient", "pk": 2068, "fields": {"title": "чечевица вареная", "unit": "ст. л."}}, {"model": "recipes.ingredient", "pk": 2069, "fields": {"title": "чечевица зеленая", "unit": "г"}}, {"model": "recipes.ingredient", "pk": 2070, "fields": {"title": "чечевица красная", "unit": "г"}}, {"model": "recipes.ingredient", "pk": 2071, "fields": {"title": "чечил спагетти", "unit": "г"}}, {"model": "recipes.ingredient", "pk": 2072, "fields": {"title": "чиабатта", "unit": "кусок"}}, {"model": "recipes.ingredient", "pk": 2073, "fields": {"title": "чиа семена", "unit": "г"}}, {"model": "recipes.ingredient", "pk": 2074, "fields": {"title": "чипотле молотый", "unit": "щепотка"}}, {"model": "recipes.ingredient", "pk": 2075, "fields": {"title": "чипсы", "unit": "г"}}, {"model": "recipes.ingredient", "pk": 2076, "fields": {"title": "чоризо", "unit": "г"}}, {"model": "recipes.ingredient", "pk": 2077, "fields": {"title": "шалфей", "unit": "г"}}, {"model": "recipes.ingredient", "pk": 2078, "fields": {"title": "шалфей свежий", "unit": "пучок"}}, {"model": "recipes.ingredient", "pk": 2079, "fields": {"title": "шалфей сушеный", "unit": "лист"}}, {"model": "recipes.ingredient", "pk": 2080, "fields": {"title": "шампанское", "unit": "г"}}, {"model": "recipes.ingredient", "pk": 2081, "fields": {"title": "шампанское советское", "unit": "стакан"}}, {"model": "recipes.ingredient", "pk": 2082, "fields": {"title": "шампанское сухое", "unit": "ст. л."}}, {"model": "recipes.ingredient", "pk": 2083, "fields": {"title": "шампиньоны", "unit": "по вкусу"}}, {"model": "recipes.ingredient", "pk": 2084, "fields": {"title": "шампиньоны замороженные", "unit": "г"}}, {"model": "recipes.ingredient", "pk": 2085, "fields": {"title": "шампиньоны консервированные", "unit": "г"}}, {"model": "recipes.ingredient", "pk": 2086, "fields": {"title": "шампиньоны маринованные", "unit": "г"}}, {"model": "recipes.ingredient", "pk": 2087, "fields": {"title": "шампиньоны свежие", "unit": "г"}}, {"model": "recipes.ingredient", "pk": 2088, "fields": {"title": "шафран", "unit": "г"}}, {"model": "recipes.ingredient", "pk": 2089, "fields": {"title": "шафран имеретинский", "unit": "г"}}, {"model": "recipes.ingredient", "pk": 2090, "fields": {"title": "шафран молотый", "unit": "ч. л."}}, {"model": "recipes.ingredient", "pk": 2091, "fields": {"title": "шафран нити", "unit": "шт."}}, {"model": "recipes.ingredient", "pk": 2092, "fields": {"title": "шелковица", "unit": "г"}}, {"model": "recipes.ingredient", "pk": 2093, "fields": {"title": "шелковица сушеная", "unit": "г"}}, {"model": "recipes.ingredient", "pk": 2094, "fields": {"title": "шиповник", "unit": "г"}}, {"model": "recipes.ingredient", "pk": 2095, "fields": {"title": "шиповниковый сироп", "unit": "г"}}, {"model": "recipes.ingredient", "pk": 2096, "fields": {"title": "шнапс", "unit": "г"}}, {"model": "recipes.ingredient", "pk": 2097, "fields": {"title": "шнитт-лук", "unit": "стебель"}}, {"model": "recipes.ingredient", "pk": 2098, "fields": {"title": "шоколад", "unit": "г"}}, {"model": "recipes.ingredient", "pk": 2099, "fields": {"title": "шоколад белый", "unit": "г"}}, {"model": "recipes.ingredient", "pk": 2100, "fields": {"title": "шоколад горький с апельсиновой цедрой", "unit": "г"}}, {"model": "recipes.ingredient", "pk": 2101, "fields": {"title": "шоколад молочный", "unit": "г"}}, {"model": "recipes.ingredient", "pk": 2102, "fields": {"title": "шоколад мятный", "unit": "г"}}, {"model": "recipes.ingredient", "pk": 2103, "fields": {"title": "шоколадная паста", "unit": "г"}}, {"model": "recipes.ingredient", "pk": 2104, "fields": {"title": "шоколадная стружка", "unit": "г"}}, {"model": "recipes.ingredient", "pk": 2105, "fields": {"title": "шоколадное масло", "unit": "г"}}, {"model": "recipes.ingredient", "pk": 2106, "fields": {"title": "шоколадно-ореховая паста", "unit": "г"}}, {"model": "recipes.ingredient", "pk": 2107, "fields": {"title": "шоколадные горошины", "unit": "г"}}, {"model": "recipes.ingredient", "pk": 2108, "fields": {"title": "шоколадные капли", "unit": "г"}}, {"model": "recipes.ingredient", "pk": 2109, "fields": {"title": "шоколадные капли белые", "unit": "г"}}, {"model": "recipes.ingredient", "pk": 2110, "fields": {"title": "шоколадные конфеты", "unit": "г"}}, {"model": "recipes.ingredient", "pk": 2111, "fields": {"title": "шоколадные хлопья", "unit": "г"}}, {"model": "recipes.ingredient", "pk": 2112, "fields": {"title": "шоколадные шарики из готовых завтраков", "unit": "горсть"}}, {"model": "recipes.ingredient", "pk": 2113, "fields": {"title": "шоколадный ликер", "unit": "г"}}, {"model": "recipes.ingredient", "pk": 2114, "fields": {"title": "шоколадный сироп", "unit": "г"}}, {"model": "recipes.ingredient", "pk": 2115, "fields": {"title": "шоколадный соус", "unit": "г"}}, {"model": "recipes.ingredient", "pk": 2116, "fields": {"title": "шоколад полусладкий", "unit": "г"}}, {"model": "recipes.ingredient", "pk": 2117, "fields": {"title": "шоколад с орехами", "unit": "г"}}, {"model": "recipes.ingredient", "pk": 2118, "fields": {"title": "шоколад черный горький", "unit": "г"}}, {"model": "recipes.ingredient", "pk": 2119, "fields": {"title": "шоколад черный горький 70%", "unit": "г"}}, {"model": "recipes.ingredient", "pk": 2120, "fields": {"title": "шоколад черный горький 75%", "unit": "ч. л."}}, {"model": "recipes.ingredient", "pk": 2121, "fields": {"title": "шоколад черный горький 85%", "unit": "г"}}, {"model": "recipes.ingredient", "pk": 2122, "fields": {"title": "шортенинг", "unit": "стакан"}}, {"model": "recipes.ingredient", "pk": 2123, "fields": {"title": "шпик", "unit": "шт."}}, {"model": "recipes.ingredient", "pk": 2124, "fields": {"title": "шпик копченый", "unit": "г"}}, {"model": "recipes.ingredient", "pk": 2125, "fields": {"title": "шпинат", "unit": "г"}}, {"model": "recipes.ingredient", "pk": 2126, "fields": {"title": "шпинат замороженный", "unit": "г"}}, {"model": "recipes.ingredient", "pk": 2127, "fields": {"title": "шпинат молодой", "unit": "г"}}, {"model": "recipes.ingredient", "pk": 2128, "fields": {"title": "шпинат свежий", "unit": "г"}}, {"model": "recipes.ingredient", "pk": 2129, "fields": {"title": "шпроты", "unit": "г"}}, {"model": "recipes.ingredient", "pk": 2130, "fields": {"title": "шпроты в масле", "unit": "г"}}, {"model": "recipes.ingredient", "pk": 2131, "fields": {"title": "шрот", "unit": "г"}}, {"model": "recipes.ingredient", "pk": 2132, "fields": {"title": "щавель замороженный", "unit": "г"}}, {"model": "recipes.ingredient", "pk": 2133, "fields": {"title": "щавель свежий", "unit": "веточка"}}, {"model": "recipes.ingredient", "pk": 2134, "fields": {"title": "щука", "unit": "г"}}, {"model": "recipes.ingredient", "pk": 2135, "fields": {"title": "щука филе", "unit": "г"}}, {"model": "recipes.ingredient", "pk": 2136, "fields": {"title": "эгг-ног", "unit": "стакан"}}, {"model": "recipes.ingredient", "pk": 2137, "fields": {"title": "эдам", "unit": "г"}}, {"model": "recipes.ingredient", "pk": 2138, "fields": {"title": "эль", "unit": "мл"}}, {"model": "recipes.ingredient", "pk": 2139, "fields": {"title": "эмменталь", "unit": "г"}}, {"model": "recipes.ingredient", "pk": 2140, "fields": {"title": "эскалоп", "unit": "г"}}, {"model": "recipes.ingredient", "pk": 2141, "fields": {"title": "эстрагон", "unit": "г"}}, {"model": "recipes.ingredient", "pk": 2142, "fields": {"title": "эстрагон сушеный", "unit": "веточка"}}, {"model": "recipes.ingredient", "pk": 2143, "fields": {"title": "яблоки", "unit": "г"}}, {"model": "recipes.ingredient", "pk": 2144, "fields": {"title": "яблоки антоновка", "unit": "кг"}}, {"model": "recipes.ingredient", "pk": 2145, "fields": {"title": "яблоки гала", "unit": "г"}}, {"model": "recipes.ingredient", "pk": 2146, "fields": {"title": "яблоки голден", "unit": "г"}}, {"model": "recipes.ingredient", "pk": 2147, "fields": {"title": "яблоки гренни смит", "unit": "кг"}}, {"model": "recipes.ingredient", "pk": 2148, "fields": {"title": "яблоки зеленые", "unit": "г"}}, {"model": "recipes.ingredient", "pk": 2149, "fields": {"title": "яблоки красные", "unit": "шт."}}, {"model": "recipes.ingredient", "pk": 2150, "fields": {"title": "яблоки моченые", "unit": "шт."}}, {"model": "recipes.ingredient", "pk": 2151, "fields": {"title": "яблоки нетвердых сортов", "unit": "г"}}, {"model": "recipes.ingredient", "pk": 2152, "fields": {"title": "яблоки сладкие", "unit": "г"}}, {"model": "recipes.ingredient", "pk": 2153, "fields": {"title": "яблоки сушеные", "unit": "г"}}, {"model": "recipes.ingredient", "pk": 2154, "fields": {"title": "яблочная эссенция", "unit": "ч. л."}}, {"model": "recipes.ingredient", "pk": 2155, "fields": {"title": "яблочное варенье", "unit": "г"}}, {"model": "recipes.ingredient", "pk": 2156, "fields": {"title": "яблочное повидло", "unit": "г"}}, {"model": "recipes.ingredient", "pk": 2157, "fields": {"title": "яблочное пюре", "unit": "г"}}, {"model": "recipes.ingredient", "pk": 2158, "fields": {"title": "яблочные чипсы", "unit": "стакан"}}, {"model": "recipes.ingredient", "pk": 2159, "fields": {"title": "яблочный джем", "unit": "г"}}, {"model": "recipes.ingredient", "pk": 2160, "fields": {"title": "яблочный сироп", "unit": "ст. л."}}, {"model": "recipes.ingredient", "pk": 2161, "fields": {"title": "яблочный сок", "unit": "г"}}, {"model": "recipes.ingredient", "pk": 2162, "fields": {"title": "яблочный соус", "unit": "ст. л."}}, {"model": "recipes.ingredient", "pk": 2163, "fields": {"title": "яблочный уксус", "unit": "г"}}, {"model": "recipes.ingredient", "pk": 2164, "fields": {"title": "ягнятина", "unit": "г"}}, {"model": "recipes.ingredient", "pk": 2165, "fields": {"title": "ягнятина кострец", "unit": "г"}}, {"model": "recipes.ingredient", "pk": 2166, "fields": {"title": "ягнятина фарш", "unit": "г"}}, {"model": "recipes.ingredient", "pk": 2167, "fields": {"title": "ягнячьи отбивные на косточке", "unit": "шт."}}, {"model": "recipes.ingredient", "pk": 2168, "fields": {"title": "ягнячья голень нарубленная", "unit": "г"}}, {"model": "recipes.ingredient", "pk": 2169, "fields": {"title": "ягнячья корейка", "unit": "г"}}, {"model": "recipes.ingredient", "pk": 2170, "fields": {"title": "ягодное варенье", "unit": "ст. л."}}, {"model": "recipes.ingredient", "pk": 2171, "fields": {"title": "ягодное желе", "unit": "г"}}, {"model": "recipes.ingredient", "pk": 2172, "fields": {"title": "ягодный сироп", "unit": "г"}}, {"model": "recipes.ingredient", "pk": 2173, "fields": {"title": "ягодный сок", "unit": "г"}}, {"model": "recipes.ingredient", "pk": 2174, "fields": {"title": "ягодный соус кислый", "unit": "г"}}, {"model": "recipes.ingredient", "pk": 2175, "fields": {"title": "ягоды", "unit": "г"}}, {"model": "recipes.ingredient", "pk": 2176, "fields": {"title": "ягоды вяленые", "unit": "по вкусу"}}, {"model": "recipes.ingredient", "pk": 2177, "fields": {"title": "ягоды замороженные", "unit": "г"}}, {"model": "recipes.ingredient", "pk": 2178, "fields": {"title": "ягоды лесные", "unit": "г"}}, {"model": "recipes.ingredient", "pk": 2179, "fields": {"title": "ягоды лесные замороженные", "unit": "г"}}, {"model": "recipes.ingredient", "pk": 2180, "fields": {"title": "яичные белки", "unit": "г"}}, {"model": "recipes.ingredient", "pk": 2181, "fields": {"title": "яичные желтки", "unit": "г"}}, {"model": "recipes.ingredient", "pk": 2182, "fields": {"title": "яичные желтки вареные", "unit": "шт."}}, {"model": "recipes.ingredient", "pk": 2183, "fields": {"title": "яичные желтки крупные", "unit": "г"}}, {"model": "recipes.ingredient", "pk": 2184, "fields": {"title": "яичный меланж", "unit": "г"}}, {"model": "recipes.ingredient", "pk": 2185, "fields": {"title": "яичный порошок", "unit": "ст. л."}}, {"model": "recipes.ingredient", "pk": 2186, "fields": {"title": "яйца куриные", "unit": "г"}}, {"model": "recipes.ingredient", "pk": 2187, "fields": {"title": "яйца куриные крупные", "unit": "г"}}, {"model": "recipes.ingredient", "pk": 2188, "fields": {"title": "яйца перепелиные", "unit": "г"}}, {"model": "recipes.ingredient", "pk": 2189, "fields": {"title": "японская крошка панко", "unit": "г"}}, {"model": "recipes.ingredient", "pk": 2190, "fields": {"title": "ячменные хлопья", "unit": "г"}}, {"model": "recipes.ingredient", "pk": 2191, "fields": {"title": "ячмень", "unit": "г"}}, {"model": "recipes.ingredient", "pk": 2192, "fields": {"title": "ячневая крупа", "unit": "г"}}, {"model": "recipes.recipe", "pk": 2, "fields": {"author": 1, "title": "Омлет", "image": "recipes/omelette_zlVljhJ.jpg", "description": "Простой омлет", "duration": 10, "slug": "omlet", "pub_date": "2020-12-28T18:09:56.883Z", "tags": [1, 2]}}, {"model": "recipes.recipe", "pk": 3, "fields": {"author": 2, "title": "Пирог", "image": "recipes/1709205_60985-710x550x_oJgeFe9.jpg", "description": "Пирог мясной", "duration": 40, "slug": "pirog", "pub_date": "2020-12-28T18:22:19.223Z", "tags": [3]}}, {"model": "recipes.recipe", "pk": 4, "fields": {"author": 2, "title": "Суп с вермишелью", "image": "recipes/chicken-soup-001.jpg", "description": "Сук куриный", "duration": 30, "slug": "sup-s-vermisheliu", "pub_date": "2020-12-29T15:10:37.965Z", "tags": [1, 2]}}, {"model": "recipes.recipe", "pk": 5, "fields": {"author": 1, "title": "Гуляш свиной", "image": "recipes/p_O.jpg", "description": "Гуляш из свинины", "duration": 45, "slug": "gulash", "pub_date": "2020-12-29T15:21:01.475Z", "tags": [3]}}, {"model": "recipes.recipe", "pk": 6, "fields": {"author": 3, "title": "Борщ", "image": "recipes/shutterstock_570014164-600x600.jpg", "description": "Борщ украинский", "duration": 90, "slug": "borzh", "pub_date": "2020-12-29T19:26:36.463Z", "tags": [3]}}, {"model": "recipes.recipe", "pk": 7, "fields": {"author": 2, "title": "Торт Рафаэлло", "image": "recipes/raffaello_cake_main.jpg", "description": "Торт Рафаэлло", "duration": 60, "slug": "tort-rafaello", "pub_date": "2020-12-30T18:01:59.344Z", "tags": [1, 2]}}, {"model": "recipes.recipe", "pk": 8, "fields": {"author": 2, "title": "Профитроли", "image": "recipes/profitroli-recept1.jpg", "description": "Профитроли с глазурью", "duration": 45, "slug": "profitroli", "pub_date": "2020-12-30T18:09:46.746Z", "tags": [1, 2]}}, {"model": "recipes.recipe", "pk": 9, "fields": {"author": 4, "title": "Макароны по-флотски", "image": "recipes/p_O_1.jpg", "description": "Макароны по-флотски", "duration": 35, "slug": "makaronflot", "pub_date": "2021-01-07T14:09:29.753Z", "tags": [3]}}, {"model": "recipes.recipe", "pk": 10, "fields": {"author": 4, "title": "Котлеты рыбные", "image": "recipes/vkusnye-rybnye-kotlety.jpg", "description": "Рыбные котлеты", "duration": 30, "slug": "kotlety-rybnye", "pub_date": "2021-01-09T09:56:31.494Z", "tags": [3]}}, {"model": "recipes.recipe", "pk": 13, "fields": {"author": 1, "title": "Сырники", "image": "recipes/Syrniki_klassicheskie_siteWeb.jpg", "description": "Итак берем творог, добавляем к нему обычный, а также ванильный сахар, и при помощи вилки начинаем смесь растирать.\r\nЗатем добавляем яйцо, соль, муку, хорошо перемешиваем, до получения однородной массы.\r\nИз полученного теста при помощи столовой ложки формируем небольшие шарики, придаем им более плоскую форму и панируем в муке.\r\nРазогреваем сковородку и наливаем растительное масло. Выкладываем тесто и жарим на среднем огне до золотистой корочки с обеих сторон.\r\nВсе сырники готовы.", "duration": 20, "slug": "syrniki", "pub_date": "2021-01-17T15:52:56.637Z", "tags": [1]}}, {"model": "recipes.recipe", "pk": 16, "fields": {"author": 3, "title": "Рулька", "image": "recipes/rulka-photo_asXOKTb.jpg", "description": "Рулька", "duration": 60, "slug": "rulka", "pub_date": "2021-01-20T16:50:08.282Z", "tags": [3]}}, {"model": "recipes.recipeingredient", "pk": 2, "fields": {"amount": 3, "ingredient": 2186, "recipe": 2}}, {"model": "recipes.recipeingredient", "pk": 3, "fields": {"amount": 100, "ingredient": 1038, "recipe": 2}}, {"model": "recipes.recipeingredient", "pk": 4, "fields": {"amount": 500, "ingredient": 279, "recipe": 3}}, {"model": "recipes.recipeingredient", "pk": 5, "fields": {"amount": 200, "ingredient": 1084, "recipe": 3}}, {"model": "recipes.recipeingredient", "pk": 9, "fields": {"amount": 500, "ingredient": 1588, "recipe": 5}}, {"model": "recipes.recipeingredient", "pk": 10, "fields": {"amount": 3, "ingredient": 1055, "recipe": 5}}, {"model": "recipes.recipeingredient", "pk": 11, "fields": {"amount": 2, "ingredient": 888, "recipe": 5}}, {"model": "recipes.recipeingredient", "pk": 12, "fields": {"amount": 500, "ingredient": 521, "recipe": 6}}, {"model": "recipes.recipeingredient", "pk": 13, "fields": {"amount": 3, "ingredient": 1571, "recipe": 6}}, {"model": "recipes.recipeingredient", "pk": 14, "fields": {"amount": 600, "ingredient": 1580, "recipe": 6}}, {"model": "recipes.recipeingredient", "pk": 22, "fields": {"amount": 500, "ingredient": 918, "recipe": 9}}, {"model": "recipes.recipeingredient", "pk": 23, "fields": {"amount": 300, "ingredient": 1918, "recipe": 9}}, {"model": "recipes.recipeingredient", "pk": 24, "fields": {"amount": 100, "ingredient": 1858, "recipe": 9}}, {"model": "recipes.recipeingredient", "pk": 25, "fields": {"amount": 700, "ingredient": 1494, "recipe": 10}}, {"model": "recipes.recipeingredient", "pk": 26, "fields": {"amount": 200, "ingredient": 1084, "recipe": 10}}, {"model": "recipes.recipeingredient", "pk": 27, "fields": {"amount": 10, "ingredient": 1338, "recipe": 10}}, {"model": "recipes.recipeingredient", "pk": 28, "fields": {"amount": 1, "ingredient": 888, "recipe": 10}}, {"model": "recipes.recipeingredient", "pk": 38, "fields": {"amount": 500, "ingredient": 1589, "recipe": 16}}, {"model": "recipes.recipeingredient", "pk": 39, "fields": {"amount": 50, "ingredient": 888, "recipe": 16}}, {"model": "recipes.recipeingredient", "pk": 53, "fields": {"amount": 500, "ingredient": 1083, "recipe": 8}}, {"model": "recipes.recipeingredient", "pk": 54, "fields": {"amount": 300, "ingredient": 1641, "recipe": 8}}, {"model": "recipes.recipeingredient", "pk": 55, "fields": {"amount": 100, "ingredient": 1550, "recipe": 8}}, {"model": "recipes.recipeingredient", "pk": 56, "fields": {"amount": 10, "ingredient": 645, "recipe": 7}}, {"model": "recipes.recipeingredient", "pk": 57, "fields": {"amount": 100, "ingredient": 649, "recipe": 7}}, {"model": "recipes.recipeingredient", "pk": 58, "fields": {"amount": 300, "ingredient": 1083, "recipe": 7}}, {"model": "recipes.follow", "pk": 7, "fields": {"user": 3, "author": 1}}, {"model": "recipes.follow", "pk": 33, "fields": {"user": 1, "author": 2}}, {"model": "recipes.follow", "pk": 35, "fields": {"user": 4, "author": 2}}, {"model": "recipes.follow", "pk": 38, "fields": {"user": 1, "author": 3}}, {"model": "recipes.follow", "pk": 39, "fields": {"user": 3, "author": 2}}, {"model": "recipes.follow", "pk": 43, "fields": {"user": 2, "author": 4}}, {"model": "recipes.follow", "pk": 45, "fields": {"user": 2, "author": 3}}, {"model": "recipes.favorite", "pk": 34, "fields": {"user": 1, "recipe": 4}}, {"model": "recipes.favorite", "pk": 57, "fields": {"user": 4, "recipe": 10}}, {"model": "recipes.favorite", "pk": 58, "fields": {"user": 4, "recipe": 6}}, {"model": "recipes.favorite", "pk": 59, "fields": {"user": 4, "recipe": 7}}, {"model": "recipes.favorite", "pk": 71, "fields": {"user": 1, "recipe": 8}}, {"model": "recipes.favorite", "pk": 85, "fields": {"user": 3, "recipe": 13}}, {"model": "recipes.favorite", "pk": 86, "fields": {"user": 3, "recipe": 16}}, {"model": "recipes.favorite", "pk": 108, "fields": {"user": 2, "recipe": 16}}, {"model": "recipes.favorite", "pk": 109, "fields": {"user": 2, "recipe": 13}}, {"model": "recipes.shoppinglist", "pk": 18, "fields": {"user": 1, "recipe": 8}}, {"model": "recipes.shoppinglist", "pk": 20, "fields": {"user": 1, "recipe": 10}}, {"model": "recipes.shoppinglist", "pk": 21, "fields": {"user": 1, "recipe": 9}}, {"model": "recipes.shoppinglist", "pk": 22, "fields": {"user": 3, "recipe": 13}}, {"model": "recipes.shoppinglist", "pk": 23, "fields": {"user": 3, "recipe": 16}}, {"model": "recipes.shoppinglist", "pk": 28, "fields": {"user": 2, "recipe": 8}}, {"model": "recipes.shoppinglist", "pk": 29, "fields": {"user": 2, "recipe": 7}}, {"model": "thumbnail.kvstore", "pk": "sorl-thumbnail||image||01c8af715e81291a91684379e5421565", "fields": {"value": "{\"name\": \"recipes/lfVWBmiW_400x400_R8EdUU4.png\", \"storage\": \"django.core.files.storage.FileSystemStorage\", \"size\": [400, 400]}"}}, {"model": "thumbnail.kvstore", "pk": "sorl-thumbnail||image||0428b71b6a0a8cb442b9126e0fedb698", "fields": {"value": "{\"name\": \"cache/ad/74/ad7407c59633340a7c4dcaee77d2ee7f.jpg\", \"storage\": \"django.core.files.storage.FileSystemStorage\", \"size\": [480, 480]}"}}, {"model": "thumbnail.kvstore", "pk": "sorl-thumbnail||image||044948cfa7111694036f10d657d47ba0", "fields": {"value": "{\"name\": \"recipes/p_O.jpg\", \"storage\": \"django.core.files.storage.FileSystemStorage\", \"size\": [1200, 900]}"}}, {"model": "thumbnail.kvstore", "pk": "sorl-thumbnail||image||08112f6251b8c414f294656c4cbd4413", "fields": {"value": "{\"name\": \"cache/a7/fb/a7fb80240a4ff762e838f9bd3dc5b1ce.jpg\", \"storage\": \"django.core.files.storage.FileSystemStorage\", \"size\": [364, 240]}"}}, {"model": "thumbnail.kvstore", "pk": "sorl-thumbnail||image||0ec932aaf8cb7073a88d45650e5845ed", "fields": {"value": "{\"name\": \"cache/a7/04/a704293fbc4f3d572bafd3c9748564ac.jpg\", \"storage\": \"django.core.files.storage.FileSystemStorage\", \"size\": [480, 480]}"}}, {"model": "thumbnail.kvstore", "pk": "sorl-thumbnail||image||0fe44cf2be6d70c05a63022e35fffb4c", "fields": {"value": "{\"name\": \"cache/91/1d/911d145248c5f92c957628805272d0f7.jpg\", \"storage\": \"django.core.files.storage.FileSystemStorage\", \"size\": [364, 240]}"}}, {"model": "thumbnail.kvstore", "pk": "sorl-thumbnail||image||15e3063a63ba344f9fb79757e24e3901", "fields": {"value": "{\"name\": \"cache/f6/b1/f6b173ba0f5db510385dc36525f2bd6c.jpg\", \"storage\": \"django.core.files.storage.FileSystemStorage\", \"size\": [364, 240]}"}}, {"model": "thumbnail.kvstore", "pk": "sorl-thumbnail||image||254f1a0efae1dd8d135f67a2a88b56a2", "fields": {"value": "{\"name\": \"cache/c2/51/c251a1120539a4b4981dcb19798a1659.jpg\", \"storage\": \"django.core.files.storage.FileSystemStorage\", \"size\": [960, 339]}"}}, {"model": "thumbnail.kvstore", "pk": "sorl-thumbnail||image||2557b16d2404e0d30fbb361373a26eae", "fields": {"value": "{\"name\": \"cache/0b/21/0b2125b984f3b15b8c1ed0644c45297d.jpg\", \"storage\": \"django.core.files.storage.FileSystemStorage\", \"size\": [364, 240]}"}}, {"model": "thumbnail.kvstore", "pk": "sorl-thumbnail||image||2b6bcb93db7c179c44e6bbb4634961d3", "fields": {"value": "{\"name\": \"cache/44/37/443749cf7c5e6e0100d5ec29e675c32a.jpg\", \"storage\": \"django.core.files.storage.FileSystemStorage\", \"size\": [364, 240]}"}}, {"model": "thumbnail.kvstore", "pk": "sorl-thumbnail||image||2bbe3da7a0a37f849ab1de60fdc47341", "fields": {"value": "{\"name\": \"cache/e2/3f/e23f7e115b83c24907733b31c11e6314.jpg\", \"storage\": \"django.core.files.storage.FileSystemStorage\", \"size\": [480, 480]}"}}, {"model": "thumbnail.kvstore", "pk": "sorl-thumbnail||image||324f3db7afd9e7367efb6f22b3c2b348", "fields": {"value": "{\"name\": \"recipes/vkusnye-rybnye-kotlety.jpg\", \"storage\": \"django.core.files.storage.FileSystemStorage\", \"size\": [463, 347]}"}}, {"model": "thumbnail.kvstore", "pk": "sorl-thumbnail||image||346028caa4b18c22ab5fa3085bc9738c", "fields": {"value": "{\"name\": \"cache/df/32/df329d734bae90cbb6d2f85961f7d8a6.jpg\", \"storage\": \"django.core.files.storage.FileSystemStorage\", \"size\": [364, 240]}"}}, {"model": "thumbnail.kvstore", "pk": "sorl-thumbnail||image||3b0bc9529d4cfc6dceb52116d7f16e31", "fields": {"value": "{\"name\": \"cache/32/dd/32dd0517958b1cd67acd0bb2dd58e2a0.jpg\", \"storage\": \"django.core.files.storage.FileSystemStorage\", \"size\": [480, 480]}"}}, {"model": "thumbnail.kvstore", "pk": "sorl-thumbnail||image||3ea9704e962f8cf9d0922c3855ab3e80", "fields": {"value": "{\"name\": \"cache/5f/5f/5f5f5bd0a9dd9d498f7e0e1a3f9904db.jpg\", \"storage\": \"django.core.files.storage.FileSystemStorage\", \"size\": [480, 480]}"}}, {"model": "thumbnail.kvstore", "pk": "sorl-thumbnail||image||47b5ae80c70134a3aa82d021beea1b60", "fields": {"value": "{\"name\": \"cache/5e/55/5e5549b3015c0f88e8a237f1e3654ae8.jpg\", \"storage\": \"django.core.files.storage.FileSystemStorage\", \"size\": [364, 240]}"}}, {"model": "thumbnail.kvstore", "pk": "sorl-thumbnail||image||4dd28c50aa61a681d5a8995d5e7adba5", "fields": {"value": "{\"name\": \"cache/93/3e/933e7b67340f5b0620c0ae84e0be5b98.jpg\", \"storage\": \"django.core.files.storage.FileSystemStorage\", \"size\": [364, 240]}"}}, {"model": "thumbnail.kvstore", "pk": "sorl-thumbnail||image||50649434129cde8e4106ba5a75447a33", "fields": {"value": "{\"name\": \"recipes/profitroli-recept1.jpg\", \"storage\": \"django.core.files.storage.FileSystemStorage\", \"size\": [700, 470]}"}}, {"model": "thumbnail.kvstore", "pk": "sorl-thumbnail||image||519b03b99db5abc98c5d1d25b9cbfb96", "fields": {"value": "{\"name\": \"recipes/lfVWBmiW_400x400_2XgJmvx.png\", \"storage\": \"django.core.files.storage.FileSystemStorage\", \"size\": [400, 400]}"}}, {"model": "thumbnail.kvstore", "pk": "sorl-thumbnail||image||52ca24ab8dd5ea614433d72a68de0cb4", "fields": {"value": "{\"name\": \"recipes/shutterstock_570014164-600x600.jpg\", \"storage\": \"django.core.files.storage.FileSystemStorage\", \"size\": [600, 600]}"}}, {"model": "thumbnail.kvstore", "pk": "sorl-thumbnail||image||58b6c1b20dd0d0886ac88626ce622052", "fields": {"value": "{\"name\": \"recipes/p_O_1.jpg\", \"storage\": \"django.core.files.storage.FileSystemStorage\", \"size\": [620, 415]}"}}, {"model": "thumbnail.kvstore", "pk": "sorl-thumbnail||image||5d0a34ca966102cbadf4b7ef8455e293", "fields": {"value": "{\"name\": \"recipes/p_O_uU1iDUR.jpg\", \"storage\": \"django.core.files.storage.FileSystemStorage\", \"size\": [1200, 900]}"}}, {"model": "thumbnail.kvstore", "pk": "sorl-thumbnail||image||5e80331366fd064354a0e1fbd2e20b54", "fields": {"value": "{\"name\": \"cache/30/23/30234de42ce9940491117be21dc4cf9a.jpg\", \"storage\": \"django.core.files.storage.FileSystemStorage\", \"size\": [364, 240]}"}}, {"model": "thumbnail.kvstore", "pk": "sorl-thumbnail||image||61fe92e4fe22a40db8867b3de73e0717", "fields": {"value": "{\"name\": \"cache/4a/60/4a6018517e5ad5ad3e2ade43456959a4.jpg\", \"storage\": \"django.core.files.storage.FileSystemStorage\", \"size\": [480, 480]}"}}, {"model": "thumbnail.kvstore", "pk": "sorl-thumbnail||image||63ac2fb128d61870671ca1a92d570e2a", "fields": {"value": "{\"name\": \"cache/82/72/8272de042c56ce4e40f916e95d5f2d4f.jpg\", \"storage\": \"django.core.files.storage.FileSystemStorage\", \"size\": [364, 240]}"}}, {"model": "thumbnail.kvstore", "pk": "sorl-thumbnail||image||64b39646fcb61099c213e08af871b236", "fields": {"value": "{\"name\": \"cache/41/51/4151aaaffbdeff66e98acdcf9f664d11.jpg\", \"storage\": \"django.core.files.storage.FileSystemStorage\", \"size\": [480, 480]}"}}, {"model": "thumbnail.kvstore", "pk": "sorl-thumbnail||image||69b975b885448345c414f1f36512669f", "fields": {"value": "{\"name\": \"cache/de/41/de41dc20019e216a8eeccc0b57066562.jpg\", \"storage\": \"django.core.files.storage.FileSystemStorage\", \"size\": [480, 480]}"}}, {"model": "thumbnail.kvstore", "pk": "sorl-thumbnail||image||6ccdbaebc59c22ef06c653727e4773a9", "fields": {"value": "{\"name\": \"cache/df/ef/dfef44fc14ba0d77aa634e2a82c0aa28.jpg\", \"storage\": \"django.core.files.storage.FileSystemStorage\", \"size\": [480, 480]}"}}, {"model": "thumbnail.kvstore", "pk": "sorl-thumbnail||image||71cee6d8bff4c64f076c4d2dc5fbb56c", "fields": {"value": "{\"name\": \"recipes/rulka-photo_F3NP8qo.jpg\", \"storage\": \"django.core.files.storage.FileSystemStorage\", \"size\": [424, 255]}"}}, {"model": "thumbnail.kvstore", "pk": "sorl-thumbnail||image||766f2567373d4a7cfa500b9f7f86da8d", "fields": {"value": "{\"name\": \"cache/23/fe/23fe121974045bff3a9af59305dfee6b.jpg\", \"storage\": \"django.core.files.storage.FileSystemStorage\", \"size\": [364, 240]}"}}, {"model": "thumbnail.kvstore", "pk": "sorl-thumbnail||image||7a5b7d70536a1638ed7cb9e6bb3c2b22", "fields": {"value": "{\"name\": \"cache/2a/07/2a070cf7556efdd3a34fcd1279811bb2.jpg\", \"storage\": \"django.core.files.storage.FileSystemStorage\", \"size\": [480, 480]}"}}, {"model": "thumbnail.kvstore", "pk": "sorl-thumbnail||image||7ac72cf092cf5b9787713924da14cfba", "fields": {"value": "{\"name\": \"recipes/omelette_zlVljhJ.jpg\", \"storage\": \"django.core.files.storage.FileSystemStorage\", \"size\": [1829, 1242]}"}}, {"model": "thumbnail.kvstore", "pk": "sorl-thumbnail||image||851f496e6e4a60e1b66af0ba7aa11cbc", "fields": {"value": "{\"name\": \"cache/b8/df/b8dfe37a0e51642e966c88bd87d3fab2.jpg\", \"storage\": \"django.core.files.storage.FileSystemStorage\", \"size\": [480, 480]}"}}, {"model": "thumbnail.kvstore", "pk": "sorl-thumbnail||image||87b8e26aa97ab7df36bffdcdccde2eba", "fields": {"value": "{\"name\": \"recipes/rulka-photo_asXOKTb.jpg\", \"storage\": \"django.core.files.storage.FileSystemStorage\", \"size\": [424, 255]}"}}, {"model": "thumbnail.kvstore", "pk": "sorl-thumbnail||image||8a8087c6596de049146344bceceeb225", "fields": {"value": "{\"name\": \"cache/45/e4/45e47bf7598f2c9e8bbc1ceccf7516b4.jpg\", \"storage\": \"django.core.files.storage.FileSystemStorage\", \"size\": [480, 480]}"}}, {"model": "thumbnail.kvstore", "pk": "sorl-thumbnail||image||8a861cb882641f67cb7974a21c21cafe", "fields": {"value": "{\"name\": \"cache/1e/da/1edaab2a834d684f6fc7151fecf511f6.jpg\", \"storage\": \"django.core.files.storage.FileSystemStorage\", \"size\": [480, 480]}"}}, {"model": "thumbnail.kvstore", "pk": "sorl-thumbnail||image||8bce9a8429d1fc71abc039cadd4c2bee", "fields": {"value": "{\"name\": \"cache/80/78/8078b0b5436b97ed1f30cf0176c9481f.jpg\", \"storage\": \"django.core.files.storage.FileSystemStorage\", \"size\": [364, 240]}"}}, {"model": "thumbnail.kvstore", "pk": "sorl-thumbnail||image||8d4e33bc118f5f17df8a7b61ae8bdada", "fields": {"value": "{\"name\": \"cache/5c/24/5c24904194e8bcc78cefb477314d00a0.jpg\", \"storage\": \"django.core.files.storage.FileSystemStorage\", \"size\": [480, 480]}"}}, {"model": "thumbnail.kvstore", "pk": "sorl-thumbnail||image||8e51b2c95983a267424d207e1368c7c5", "fields": {"value": "{\"name\": \"cache/54/f1/54f1492a0c61d38c5313d350ed1e6474.jpg\", \"storage\": \"django.core.files.storage.FileSystemStorage\", \"size\": [480, 480]}"}}, {"model": "thumbnail.kvstore", "pk": "sorl-thumbnail||image||9618c831513912cd50382fac495bd8b8", "fields": {"value": "{\"name\": \"recipes/chicken-soup-001.jpg\", \"storage\": \"django.core.files.storage.FileSystemStorage\", \"size\": [1024, 640]}"}}, {"model": "thumbnail.kvstore", "pk": "sorl-thumbnail||image||9c6432f6bc266c9ca571f28098f9d2c7", "fields": {"value": "{\"name\": \"recipes/omelette_Xhyt7ab.jpg\", \"storage\": \"django.core.files.storage.FileSystemStorage\", \"size\": [1829, 1242]}"}}, {"model": "thumbnail.kvstore", "pk": "sorl-thumbnail||image||9c85d3927d054564b7fe1d53503693ff", "fields": {"value": "{\"name\": \"recipes/lfVWBmiW_400x400_bRr8zyI.png\", \"storage\": \"django.core.files.storage.FileSystemStorage\", \"size\": [400, 400]}"}}, {"model": "thumbnail.kvstore", "pk": "sorl-thumbnail||image||a27ec6a81262e2677dcfb296e5bba50a", "fields": {"value": "{\"name\": \"recipes/rulka-photo.jpg\", \"storage\": \"django.core.files.storage.FileSystemStorage\", \"size\": [424, 255]}"}}, {"model": "thumbnail.kvstore", "pk": "sorl-thumbnail||image||a30c846f5cf60fb30c5a0108d5461d95", "fields": {"value": "{\"name\": \"cache/77/89/7789650027e470828512d1fa7ebb2063.jpg\", \"storage\": \"django.core.files.storage.FileSystemStorage\", \"size\": [364, 240]}"}}, {"model": "thumbnail.kvstore", "pk": "sorl-thumbnail||image||aacd6b13b92e07fc83b7b446d6ee42f7", "fields": {"value": "{\"name\": \"cache/8b/f7/8bf7ee5c1e60e469b1bccaafabf5fcba.jpg\", \"storage\": \"django.core.files.storage.FileSystemStorage\", \"size\": [364, 240]}"}}, {"model": "thumbnail.kvstore", "pk": "sorl-thumbnail||image||ac539a38e4470c41e75640f334d612b1", "fields": {"value": "{\"name\": \"recipes/omelette_5OZ6olx.jpg\", \"storage\": \"django.core.files.storage.FileSystemStorage\", \"size\": [1829, 1242]}"}}, {"model": "thumbnail.kvstore", "pk": "sorl-thumbnail||image||afb1c7d870b7c46bc58293a21b0c591c", "fields": {"value": "{\"name\": \"recipes/1709205_60985-710x550x_oJgeFe9.jpg\", \"storage\": \"django.core.files.storage.FileSystemStorage\", \"size\": [710, 550]}"}}, {"model": "thumbnail.kvstore", "pk": "sorl-thumbnail||image||b6777b733163f35e7134e54cc12e01e8", "fields": {"value": "{\"name\": \"recipes/Syrniki_klassicheskie_siteWeb.jpg\", \"storage\": \"django.core.files.storage.FileSystemStorage\", \"size\": [1000, 667]}"}}, {"model": "thumbnail.kvstore", "pk": "sorl-thumbnail||image||c1ea4c4b175f79809c79912eb981bfaa", "fields": {"value": "{\"name\": \"cache/bd/ca/bdca7000199c6b4e85bd779a1c9d63e4.jpg\", \"storage\": \"django.core.files.storage.FileSystemStorage\", \"size\": [364, 240]}"}}, {"model": "thumbnail.kvstore", "pk": "sorl-thumbnail||image||c35d5b83e735c0874c64afdeecf5510b", "fields": {"value": "{\"name\": \"cache/08/82/08821a9af3ad11c1ee91c98120e285c0.jpg\", \"storage\": \"django.core.files.storage.FileSystemStorage\", \"size\": [364, 240]}"}}, {"model": "thumbnail.kvstore", "pk": "sorl-thumbnail||image||c5cc967683abd47270ce45982bbe5dfe", "fields": {"value": "{\"name\": \"cache/29/ca/29cabfb64d9df97df0865c670f43181d.jpg\", \"storage\": \"django.core.files.storage.FileSystemStorage\", \"size\": [480, 480]}"}}, {"model": "thumbnail.kvstore", "pk": "sorl-thumbnail||image||c9c18c37663a1f6d5ed320b6cea139fd", "fields": {"value": "{\"name\": \"cache/5c/14/5c145beaf9174d2a88dbdac8e86b3697.jpg\", \"storage\": \"django.core.files.storage.FileSystemStorage\", \"size\": [480, 480]}"}}, {"model": "thumbnail.kvstore", "pk": "sorl-thumbnail||image||ca6614c38e138f3e3973858f6a5d1722", "fields": {"value": "{\"name\": \"recipes/raffaello_cake_main.jpg\", \"storage\": \"django.core.files.storage.FileSystemStorage\", \"size\": [635, 423]}"}}, {"model": "thumbnail.kvstore", "pk": "sorl-thumbnail||image||cf35133402cb282e96878fddec04ccc8", "fields": {"value": "{\"name\": \"cache/97/bd/97bd8781b46d725bbf72ecd07177986c.jpg\", \"storage\": \"django.core.files.storage.FileSystemStorage\", \"size\": [480, 480]}"}}, {"model": "thumbnail.kvstore", "pk": "sorl-thumbnail||image||d32b32f6222bd1a2177a797b27a904e8", "fields": {"value": "{\"name\": \"recipes/omelette_GtDTyDP.jpg\", \"storage\": \"django.core.files.storage.FileSystemStorage\", \"size\": [1829, 1242]}"}}, {"model": "thumbnail.kvstore", "pk": "sorl-thumbnail||image||d3aad35e5d83ae98aa2cedcaa8656837", "fields": {"value": "{\"name\": \"cache/4a/33/4a33e7f21bbef36fc871d6553c0d04b5.jpg\", \"storage\": \"django.core.files.storage.FileSystemStorage\", \"size\": [364, 240]}"}}, {"model": "thumbnail.kvstore", "pk": "sorl-thumbnail||image||da962ac8d2d23a439e19ccb34b8adb57", "fields": {"value": "{\"name\": \"cache/a5/88/a58830bd46c78b36a4c098295da8ce16.jpg\", \"storage\": \"django.core.files.storage.FileSystemStorage\", \"size\": [364, 240]}"}}, {"model": "thumbnail.kvstore", "pk": "sorl-thumbnail||image||e00bec298263066ec56d6cd390c8381f", "fields": {"value": "{\"name\": \"cache/06/6f/066f895b7bfc65cd5d12034a3c70d626.jpg\", \"storage\": \"django.core.files.storage.FileSystemStorage\", \"size\": [960, 339]}"}}, {"model": "thumbnail.kvstore", "pk": "sorl-thumbnail||image||ef7edee0b1734c1a7164e86d035dd649", "fields": {"value": "{\"name\": \"cache/d8/0f/d80f7f03893a75ebe6997436cf510a4e.jpg\", \"storage\": \"django.core.files.storage.FileSystemStorage\", \"size\": [960, 339]}"}}, {"model": "thumbnail.kvstore", "pk": "sorl-thumbnail||image||fa286e1923cc1477c51b82b75f089ad0", "fields": {"value": "{\"name\": \"recipes/lfVWBmiW_400x400_yu38brl.png\", \"storage\": \"django.core.files.storage.FileSystemStorage\", \"size\": [400, 400]}"}}, {"model": "thumbnail.kvstore", "pk": "sorl-thumbnail||image||ff1577e5e815c75ef4a3b3a3f57cb845", "fields": {"value": "{\"name\": \"cache/d6/9b/d69b5441515e10ae6368fea3be37cb88.jpg\", \"storage\": \"django.core.files.storage.FileSystemStorage\", \"size\": [364, 240]}"}}, {"model": "thumbnail.kvstore", "pk": "sorl-thumbnail||thumbnails||01c8af715e81291a91684379e5421565", "fields": {"value": "[\"766f2567373d4a7cfa500b9f7f86da8d\", \"0428b71b6a0a8cb442b9126e0fedb698\"]"}}, {"model": "thumbnail.kvstore", "pk": "sorl-thumbnail||thumbnails||044948cfa7111694036f10d657d47ba0", "fields": {"value": "[\"ff1577e5e815c75ef4a3b3a3f57cb845\", \"c9c18c37663a1f6d5ed320b6cea139fd\"]"}}, {"model": "thumbnail.kvstore", "pk": "sorl-thumbnail||thumbnails||324f3db7afd9e7367efb6f22b3c2b348", "fields": {"value": "[\"aacd6b13b92e07fc83b7b446d6ee42f7\", \"2bbe3da7a0a37f849ab1de60fdc47341\"]"}}, {"model": "thumbnail.kvstore", "pk": "sorl-thumbnail||thumbnails||50649434129cde8e4106ba5a75447a33", "fields": {"value": "[\"08112f6251b8c414f294656c4cbd4413\", \"8e51b2c95983a267424d207e1368c7c5\"]"}}, {"model": "thumbnail.kvstore", "pk": "sorl-thumbnail||thumbnails||519b03b99db5abc98c5d1d25b9cbfb96", "fields": {"value": "[\"0ec932aaf8cb7073a88d45650e5845ed\", \"346028caa4b18c22ab5fa3085bc9738c\"]"}}, {"model": "thumbnail.kvstore", "pk": "sorl-thumbnail||thumbnails||52ca24ab8dd5ea614433d72a68de0cb4", "fields": {"value": "[\"a30c846f5cf60fb30c5a0108d5461d95\", \"8a861cb882641f67cb7974a21c21cafe\"]"}}, {"model": "thumbnail.kvstore", "pk": "sorl-thumbnail||thumbnails||58b6c1b20dd0d0886ac88626ce622052", "fields": {"value": "[\"da962ac8d2d23a439e19ccb34b8adb57\", \"7a5b7d70536a1638ed7cb9e6bb3c2b22\"]"}}, {"model": "thumbnail.kvstore", "pk": "sorl-thumbnail||thumbnails||5d0a34ca966102cbadf4b7ef8455e293", "fields": {"value": "[\"15e3063a63ba344f9fb79757e24e3901\"]"}}, {"model": "thumbnail.kvstore", "pk": "sorl-thumbnail||thumbnails||71cee6d8bff4c64f076c4d2dc5fbb56c", "fields": {"value": "[\"5e80331366fd064354a0e1fbd2e20b54\", \"8d4e33bc118f5f17df8a7b61ae8bdada\"]"}}, {"model": "thumbnail.kvstore", "pk": "sorl-thumbnail||thumbnails||7ac72cf092cf5b9787713924da14cfba", "fields": {"value": "[\"8a8087c6596de049146344bceceeb225\", \"c1ea4c4b175f79809c79912eb981bfaa\"]"}}, {"model": "thumbnail.kvstore", "pk": "sorl-thumbnail||thumbnails||87b8e26aa97ab7df36bffdcdccde2eba", "fields": {"value": "[\"6ccdbaebc59c22ef06c653727e4773a9\", \"2b6bcb93db7c179c44e6bbb4634961d3\"]"}}, {"model": "thumbnail.kvstore", "pk": "sorl-thumbnail||thumbnails||9618c831513912cd50382fac495bd8b8", "fields": {"value": "[\"47b5ae80c70134a3aa82d021beea1b60\", \"cf35133402cb282e96878fddec04ccc8\"]"}}, {"model": "thumbnail.kvstore", "pk": "sorl-thumbnail||thumbnails||9c6432f6bc266c9ca571f28098f9d2c7", "fields": {"value": "[\"e00bec298263066ec56d6cd390c8381f\"]"}}, {"model": "thumbnail.kvstore", "pk": "sorl-thumbnail||thumbnails||9c85d3927d054564b7fe1d53503693ff", "fields": {"value": "[\"c35d5b83e735c0874c64afdeecf5510b\", \"3ea9704e962f8cf9d0922c3855ab3e80\"]"}}, {"model": "thumbnail.kvstore", "pk": "sorl-thumbnail||thumbnails||a27ec6a81262e2677dcfb296e5bba50a", "fields": {"value": "[\"c5cc967683abd47270ce45982bbe5dfe\", \"8bce9a8429d1fc71abc039cadd4c2bee\"]"}}, {"model": "thumbnail.kvstore", "pk": "sorl-thumbnail||thumbnails||ac539a38e4470c41e75640f334d612b1", "fields": {"value": "[\"4dd28c50aa61a681d5a8995d5e7adba5\", \"69b975b885448345c414f1f36512669f\", \"ef7edee0b1734c1a7164e86d035dd649\"]"}}, {"model": "thumbnail.kvstore", "pk": "sorl-thumbnail||thumbnails||afb1c7d870b7c46bc58293a21b0c591c", "fields": {"value": "[\"2557b16d2404e0d30fbb361373a26eae\", \"851f496e6e4a60e1b66af0ba7aa11cbc\"]"}}, {"model": "thumbnail.kvstore", "pk": "sorl-thumbnail||thumbnails||b6777b733163f35e7134e54cc12e01e8", "fields": {"value": "[\"63ac2fb128d61870671ca1a92d570e2a\", \"3b0bc9529d4cfc6dceb52116d7f16e31\"]"}}, {"model": "thumbnail.kvstore", "pk": "sorl-thumbnail||thumbnails||ca6614c38e138f3e3973858f6a5d1722", "fields": {"value": "[\"61fe92e4fe22a40db8867b3de73e0717\", \"0fe44cf2be6d70c05a63022e35fffb4c\"]"}}, {"model": "thumbnail.kvstore", "pk": "sorl-thumbnail||thumbnails||d32b32f6222bd1a2177a797b27a904e8", "fields": {"value": "[\"254f1a0efae1dd8d135f67a2a88b56a2\"]"}}, {"model": "thumbnail.kvstore", "pk": "sorl-thumbnail||thumbnails||fa286e1923cc1477c51b82b75f089ad0", "fields": {"value": "[\"64b39646fcb61099c213e08af871b236\", \"d3aad35e5d83ae98aa2cedcaa8656837\"]"}}, {"model": "sites.site", "pk": 1, "fields": {"domain": "example.com", "name": "example.com"}}, {"model": "flatpages.flatpage", "pk": 1, "fields": {"url": "/about-author/", "title": "Об авторе", "content": "Кудинов Михаил", "enable_comments": false, "template_name": "", "registration_required": false, "sites": [1]}}, {"model": "flatpages.flatpage", "pk": 3, "fields": {"url": "/about-spec/", "title": "Технологии", "content": "Python 3.8", "enable_comments": false, "template_name": "", "registration_required": false, "sites": [1]}}, {"model": "admin.logentry", "pk": 1, "fields": {"action_time": "2020-12-28T15:38:02.674Z", "user": 1, "content_type": 12, "object_id": "1", "object_repr": "Завтрак", "action_flag": 1, "change_message": "[{\"added\": {}}]"}}, {"model": "admin.logentry", "pk": 2, "fields": {"action_time": "2020-12-28T15:38:11.365Z", "user": 1, "content_type": 11, "object_id": "1", "object_repr": "Омлет", "action_flag": 1, "change_message": "[{\"added\": {}}]"}}, {"model": "admin.logentry", "pk": 3, "fields": {"action_time": "2020-12-28T15:38:30.559Z", "user": 1, "content_type": 13, "object_id": "1", "object_repr": "RecipeIngredient object (1)", "action_flag": 1, "change_message": "[{\"added\": {}}]"}}, {"model": "admin.logentry", "pk": 4, "fields": {"action_time": "2020-12-28T16:40:42.166Z", "user": 1, "content_type": 6, "object_id": "1", "object_repr": "kudinov", "action_flag": 2, "change_message": "[{\"changed\": {\"fields\": [\"First name\", \"Last name\"]}}]"}}, {"model": "admin.logentry", "pk": 5, "fields": {"action_time": "2020-12-28T17:08:02.801Z", "user": 1, "content_type": 11, "object_id": "1", "object_repr": "Омлет", "action_flag": 2, "change_message": "[{\"changed\": {\"fields\": [\"\\u0418\\u0437\\u043e\\u0431\\u0440\\u0430\\u0436\\u0435\\u043d\\u0438\\u0435\"]}}]"}}, {"model": "admin.logentry", "pk": 6, "fields": {"action_time": "2020-12-28T18:07:48.097Z", "user": 1, "content_type": 11, "object_id": "1", "object_repr": "Омлет", "action_flag": 3, "change_message": ""}}, {"model": "admin.logentry", "pk": 7, "fields": {"action_time": "2020-12-28T18:09:56.888Z", "user": 1, "content_type": 11, "object_id": "2", "object_repr": "Омлет", "action_flag": 1, "change_message": "[{\"added\": {}}, {\"added\": {\"name\": \"recipe ingredient\", \"object\": \"RecipeIngredient object (2)\"}}, {\"added\": {\"name\": \"recipe ingredient\", \"object\": \"RecipeIngredient object (3)\"}}]"}}, {"model": "admin.logentry", "pk": 8, "fields": {"action_time": "2020-12-28T18:16:14.422Z", "user": 1, "content_type": 11, "object_id": "2", "object_repr": "Омлет", "action_flag": 2, "change_message": "[{\"changed\": {\"fields\": [\"\\u0418\\u0437\\u043e\\u0431\\u0440\\u0430\\u0436\\u0435\\u043d\\u0438\\u0435\"]}}]"}}, {"model": "admin.logentry", "pk": 9, "fields": {"action_time": "2020-12-28T18:20:33.942Z", "user": 1, "content_type": 12, "object_id": "2", "object_repr": "Обед", "action_flag": 1, "change_message": "[{\"added\": {}}]"}}, {"model": "admin.logentry", "pk": 10, "fields": {"action_time": "2020-12-28T18:20:39.936Z", "user": 1, "content_type": 12, "object_id": "3", "object_repr": "Ужин", "action_flag": 1, "change_message": "[{\"added\": {}}]"}}, {"model": "admin.logentry", "pk": 11, "fields": {"action_time": "2020-12-28T18:22:19.228Z", "user": 1, "content_type": 11, "object_id": "3", "object_repr": "Пирог", "action_flag": 1, "change_message": "[{\"added\": {}}, {\"added\": {\"name\": \"recipe ingredient\", \"object\": \"RecipeIngredient object (4)\"}}, {\"added\": {\"name\": \"recipe ingredient\", \"object\": \"RecipeIngredient object (5)\"}}]"}}, {"model": "admin.logentry", "pk": 12, "fields": {"action_time": "2020-12-28T18:47:00.333Z", "user": 1, "content_type": 11, "object_id": "2", "object_repr": "Омлет", "action_flag": 2, "change_message": "[{\"changed\": {\"fields\": [\"\\u0422\\u0435\\u0433\\u0438\"]}}]"}}, {"model": "admin.logentry", "pk": 13, "fields": {"action_time": "2020-12-29T15:10:37.974Z", "user": 1, "content_type": 11, "object_id": "4", "object_repr": "Суп с вермишелью", "action_flag": 1, "change_message": "[{\"added\": {}}, {\"added\": {\"name\": \"recipe ingredient\", \"object\": \"RecipeIngredient object (6)\"}}, {\"added\": {\"name\": \"recipe ingredient\", \"object\": \"RecipeIngredient object (7)\"}}, {\"added\": {\"name\": \"recipe ingredient\", \"object\": \"RecipeIngredient object (8)\"}}]"}}, {"model": "admin.logentry", "pk": 14, "fields": {"action_time": "2020-12-29T15:21:01.480Z", "user": 1, "content_type": 11, "object_id": "5", "object_repr": "Гуляш свиной", "action_flag": 1, "change_message": "[{\"added\": {}}, {\"added\": {\"name\": \"recipe ingredient\", \"object\": \"RecipeIngredient object (9)\"}}, {\"added\": {\"name\": \"recipe ingredient\", \"object\": \"RecipeIngredient object (10)\"}}, {\"added\": {\"name\": \"recipe ingredient\", \"object\": \"RecipeIngredient object (11)\"}}]"}}, {"model": "admin.logentry", "pk": 15, "fields": {"action_time": "2020-12-29T16:44:46.894Z", "user": 1, "content_type": 14, "object_id": "1", "object_repr": "Follow object (1)", "action_flag": 1, "change_message": "[{\"added\": {}}]"}}, {"model": "admin.logentry", "pk": 16, "fields": {"action_time": "2020-12-29T19:13:35.388Z", "user": 1, "content_type": 14, "object_id": "2", "object_repr": "Follow object (2)", "action_flag": 1, "change_message": "[{\"added\": {}}]"}}, {"model": "admin.logentry", "pk": 17, "fields": {"action_time": "2020-12-29T19:26:36.469Z", "user": 1, "content_type": 11, "object_id": "6", "object_repr": "Борщ", "action_flag": 1, "change_message": "[{\"added\": {}}, {\"added\": {\"name\": \"recipe ingredient\", \"object\": \"RecipeIngredient object (12)\"}}, {\"added\": {\"name\": \"recipe ingredient\", \"object\": \"RecipeIngredient object (13)\"}}, {\"added\": {\"name\": \"recipe ingredient\", \"object\": \"RecipeIngredient object (14)\"}}]"}}, {"model": "admin.logentry", "pk": 18, "fields": {"action_time": "2020-12-30T18:01:59.352Z", "user": 1, "content_type": 11, "object_id": "7", "object_repr": "Торт Рафаэлло", "action_flag": 1, "change_message": "[{\"added\": {}}, {\"added\": {\"name\": \"recipe ingredient\", \"object\": \"RecipeIngredient object (15)\"}}, {\"added\": {\"name\": \"recipe ingredient\", \"object\": \"RecipeIngredient object (16)\"}}, {\"added\": {\"name\": \"recipe ingredient\", \"object\": \"RecipeIngredient object (17)\"}}, {\"added\": {\"name\": \"recipe ingredient\", \"object\": \"RecipeIngredient object (18)\"}}]"}}, {"model": "admin.logentry", "pk": 19, "fields": {"action_time": "2020-12-30T18:09:46.756Z", "user": 1, "content_type": 11, "object_id": "8", "object_repr": "Профитроли", "action_flag": 1, "change_message": "[{\"added\": {}}, {\"added\": {\"name\": \"recipe ingredient\", \"object\": \"RecipeIngredient object (19)\"}}, {\"added\": {\"name\": \"recipe ingredient\", \"object\": \"RecipeIngredient object (20)\"}}, {\"added\": {\"name\": \"recipe ingredient\", \"object\": \"RecipeIngredient object (21)\"}}]"}}, {"model": "admin.logentry", "pk": 20, "fields": {"action_time": "2021-01-04T15:24:02.159Z", "user": 1, "content_type": 2, "object_id": "1", "object_repr": "/about-author/ -- Об авторе", "action_flag": 1, "change_message": "[{\"added\": {}}]"}}, {"model": "admin.logentry", "pk": 21, "fields": {"action_time": "2021-01-04T15:30:11.398Z", "user": 1, "content_type": 2, "object_id": "1", "object_repr": "/about-author/ -- about", "action_flag": 2, "change_message": "[{\"changed\": {\"fields\": [\"Title\"]}}]"}}, {"model": "admin.logentry", "pk": 22, "fields": {"action_time": "2021-01-04T15:34:18.488Z", "user": 1, "content_type": 2, "object_id": "1", "object_repr": "/about-author/ -- about-author", "action_flag": 2, "change_message": "[{\"changed\": {\"fields\": [\"Title\"]}}]"}}, {"model": "admin.logentry", "pk": 23, "fields": {"action_time": "2021-01-04T15:37:51.459Z", "user": 1, "content_type": 2, "object_id": "1", "object_repr": "/about-author/ -- Об авторе", "action_flag": 2, "change_message": "[{\"changed\": {\"fields\": [\"Title\"]}}]"}}, {"model": "admin.logentry", "pk": 24, "fields": {"action_time": "2021-01-04T15:47:28.445Z", "user": 1, "content_type": 2, "object_id": "2", "object_repr": "/about-spec/ -- Технологии", "action_flag": 1, "change_message": "[{\"added\": {}}]"}}, {"model": "admin.logentry", "pk": 25, "fields": {"action_time": "2021-01-06T14:53:16.084Z", "user": 1, "content_type": 2, "object_id": "2", "object_repr": "/about-spec/ -- Технологии", "action_flag": 2, "change_message": "[]"}}, {"model": "admin.logentry", "pk": 26, "fields": {"action_time": "2021-01-07T07:37:45.984Z", "user": 1, "content_type": 14, "object_id": "3", "object_repr": "Follow object (3)", "action_flag": 1, "change_message": "[{\"added\": {}}]"}}, {"model": "admin.logentry", "pk": 27, "fields": {"action_time": "2021-01-07T14:09:29.767Z", "user": 1, "content_type": 11, "object_id": "9", "object_repr": "Макароны по-флотски", "action_flag": 1, "change_message": "[{\"added\": {}}, {\"added\": {\"name\": \"recipe ingredient\", \"object\": \"RecipeIngredient object (22)\"}}, {\"added\": {\"name\": \"recipe ingredient\", \"object\": \"RecipeIngredient object (23)\"}}, {\"added\": {\"name\": \"recipe ingredient\", \"object\": \"RecipeIngredient object (24)\"}}]"}}, {"model": "admin.logentry", "pk": 28, "fields": {"action_time": "2021-01-07T14:11:59.879Z", "user": 1, "content_type": 11, "object_id": "9", "object_repr": "Макароны по-флотски", "action_flag": 2, "change_message": "[{\"changed\": {\"fields\": [\"\\u0418\\u0437\\u043e\\u0431\\u0440\\u0430\\u0436\\u0435\\u043d\\u0438\\u0435\"]}}]"}}, {"model": "admin.logentry", "pk": 29, "fields": {"action_time": "2021-01-07T14:39:57.423Z", "user": 1, "content_type": 15, "object_id": "1", "object_repr": "Favorite object (1)", "action_flag": 1, "change_message": "[{\"added\": {}}]"}}, {"model": "admin.logentry", "pk": 30, "fields": {"action_time": "2021-01-09T09:18:30.563Z", "user": 1, "content_type": 16, "object_id": "1", "object_repr": "ShoppingList object (1)", "action_flag": 1, "change_message": "[{\"added\": {}}]"}}, {"model": "admin.logentry", "pk": 31, "fields": {"action_time": "2021-01-09T09:25:11.645Z", "user": 1, "content_type": 16, "object_id": "2", "object_repr": "ShoppingList object (2)", "action_flag": 1, "change_message": "[{\"added\": {}}]"}}, {"model": "admin.logentry", "pk": 32, "fields": {"action_time": "2021-01-09T09:56:31.500Z", "user": 1, "content_type": 11, "object_id": "10", "object_repr": "Котлеты рыбные", "action_flag": 1, "change_message": "[{\"added\": {}}, {\"added\": {\"name\": \"recipe ingredient\", \"object\": \"RecipeIngredient object (25)\"}}, {\"added\": {\"name\": \"recipe ingredient\", \"object\": \"RecipeIngredient object (26)\"}}, {\"added\": {\"name\": \"recipe ingredient\", \"object\": \"RecipeIngredient object (27)\"}}, {\"added\": {\"name\": \"recipe ingredient\", \"object\": \"RecipeIngredient object (28)\"}}]"}}, {"model": "admin.logentry", "pk": 33, "fields": {"action_time": "2021-01-15T17:30:02.139Z", "user": 1, "content_type": 16, "object_id": "3", "object_repr": "ShoppingList object (3)", "action_flag": 1, "change_message": "[{\"added\": {}}]"}}, {"model": "admin.logentry", "pk": 34, "fields": {"action_time": "2021-01-15T17:37:54.577Z", "user": 1, "content_type": 16, "object_id": "4", "object_repr": "ShoppingList object (4)", "action_flag": 1, "change_message": "[{\"added\": {}}]"}}, {"model": "admin.logentry", "pk": 35, "fields": {"action_time": "2021-01-15T17:38:00.271Z", "user": 1, "content_type": 16, "object_id": "5", "object_repr": "ShoppingList object (5)", "action_flag": 1, "change_message": "[{\"added\": {}}]"}}, {"model": "admin.logentry", "pk": 36, "fields": {"action_time": "2021-01-15T17:39:17.872Z", "user": 1, "content_type": 16, "object_id": "6", "object_repr": "ShoppingList object (6)", "action_flag": 1, "change_message": "[{\"added\": {}}]"}}, {"model": "admin.logentry", "pk": 37, "fields": {"action_time": "2021-01-15T17:39:22.558Z", "user": 1, "content_type": 16, "object_id": "7", "object_repr": "ShoppingList object (7)", "action_flag": 1, "change_message": "[{\"added\": {}}]"}}, {"model": "admin.logentry", "pk": 38, "fields": {"action_time": "2021-01-16T19:00:01.772Z", "user": 1, "content_type": 12, "object_id": "3", "object_repr": "Ужин", "action_flag": 2, "change_message": "[{\"changed\": {\"fields\": [\"Slug\"]}}]"}}, {"model": "admin.logentry", "pk": 39, "fields": {"action_time": "2021-01-16T19:00:07.373Z", "user": 1, "content_type": 12, "object_id": "1", "object_repr": "Завтрак", "action_flag": 2, "change_message": "[{\"changed\": {\"fields\": [\"Slug\"]}}]"}}, {"model": "admin.logentry", "pk": 40, "fields": {"action_time": "2021-01-16T19:00:37.779Z", "user": 1, "content_type": 12, "object_id": "2", "object_repr": "Обед", "action_flag": 2, "change_message": "[{\"changed\": {\"fields\": [\"Slug\"]}}]"}}, {"model": "admin.logentry", "pk": 41, "fields": {"action_time": "2021-01-17T14:52:04.617Z", "user": 1, "content_type": 12, "object_id": "1", "object_repr": "Завтрак", "action_flag": 2, "change_message": "[{\"changed\": {\"fields\": [\"Checkbox style\"]}}]"}}, {"model": "admin.logentry", "pk": 42, "fields": {"action_time": "2021-01-17T14:52:15.621Z", "user": 1, "content_type": 12, "object_id": "2", "object_repr": "Обед", "action_flag": 2, "change_message": "[{\"changed\": {\"fields\": [\"Checkbox style\"]}}]"}}, {"model": "admin.logentry", "pk": 43, "fields": {"action_time": "2021-01-17T14:52:23.902Z", "user": 1, "content_type": 12, "object_id": "3", "object_repr": "Ужин", "action_flag": 2, "change_message": "[{\"changed\": {\"fields\": [\"Checkbox style\"]}}]"}}, {"model": "admin.logentry", "pk": 44, "fields": {"action_time": "2021-01-17T15:49:47.537Z", "user": 1, "content_type": 11, "object_id": "12", "object_repr": "Пирог блинный", "action_flag": 3, "change_message": ""}}, {"model": "admin.logentry", "pk": 45, "fields": {"action_time": "2021-01-20T17:06:09.465Z", "user": 1, "content_type": 11, "object_id": "16", "object_repr": "Рулька", "action_flag": 2, "change_message": "[{\"changed\": {\"fields\": [\"\\u0418\\u0437\\u043e\\u0431\\u0440\\u0430\\u0436\\u0435\\u043d\\u0438\\u0435\"]}}]"}}, {"model": "admin.logentry", "pk": 46, "fields": {"action_time": "2021-01-21T16:38:37.404Z", "user": 1, "content_type": 2, "object_id": "2", "object_repr": "/about-spec/ -- Технологии", "action_flag": 3, "change_message": ""}}, {"model": "admin.logentry", "pk": 47, "fields": {"action_time": "2021-01-21T16:39:08.156Z", "user": 1, "content_type": 2, "object_id": "3", "object_repr": "/about-spec/ -- Технологии", "action_flag": 1, "change_message": "[{\"added\": {}}]"}}, {"model": "auth.permission", "pk": 1, "fields": {"name": "Can add site", "content_type": 1, "codename": "add_site"}}, {"model": "auth.permission", "pk": 2, "fields": {"name": "Can change site", "content_type": 1, "codename": "change_site"}}, {"model": "auth.permission", "pk": 3, "fields": {"name": "Can delete site", "content_type": 1, "codename": "delete_site"}}, {"model": "auth.permission", "pk": 4, "fields": {"name": "Can view site", "content_type": 1, "codename": "view_site"}}, {"model": "auth.permission", "pk": 5, "fields": {"name": "Can add flat page", "content_type": 2, "codename": "add_flatpage"}}, {"model": "auth.permission", "pk": 6, "fields": {"name": "Can change flat page", "content_type": 2, "codename": "change_flatpage"}}, {"model": "auth.permission", "pk": 7, "fields": {"name": "Can delete flat page", "content_type": 2, "codename": "delete_flatpage"}}, {"model": "auth.permission", "pk": 8, "fields": {"name": "Can view flat page", "content_type": 2, "codename": "view_flatpage"}}, {"model": "auth.permission", "pk": 9, "fields": {"name": "Can add log entry", "content_type": 3, "codename": "add_logentry"}}, {"model": "auth.permission", "pk": 10, "fields": {"name": "Can change log entry", "content_type": 3, "codename": "change_logentry"}}, {"model": "auth.permission", "pk": 11, "fields": {"name": "Can delete log entry", "content_type": 3, "codename": "delete_logentry"}}, {"model": "auth.permission", "pk": 12, "fields": {"name": "Can view log entry", "content_type": 3, "codename": "view_logentry"}}, {"model": "auth.permission", "pk": 13, "fields": {"name": "Can add permission", "content_type": 4, "codename": "add_permission"}}, {"model": "auth.permission", "pk": 14, "fields": {"name": "Can change permission", "content_type": 4, "codename": "change_permission"}}, {"model": "auth.permission", "pk": 15, "fields": {"name": "Can delete permission", "content_type": 4, "codename": "delete_permission"}}, {"model": "auth.permission", "pk": 16, "fields": {"name": "Can view permission", "content_type": 4, "codename": "view_permission"}}, {"model": "auth.permission", "pk": 17, "fields": {"name": "Can add group", "content_type": 5, "codename": "add_group"}}, {"model": "auth.permission", "pk": 18, "fields": {"name": "Can change group", "content_type": 5, "codename": "change_group"}}, {"model": "auth.permission", "pk": 19, "fields": {"name": "Can delete group", "content_type": 5, "codename": "delete_group"}}, {"model": "auth.permission", "pk": 20, "fields": {"name": "Can view group", "content_type": 5, "codename": "view_group"}}, {"model": "auth.permission", "pk": 21, "fields": {"name": "Can add user", "content_type": 6, "codename": "add_user"}}, {"model": "auth.permission", "pk": 22, "fields": {"name": "Can change user", "content_type": 6, "codename": "change_user"}}, {"model": "auth.permission", "pk": 23, "fields": {"name": "Can delete user", "content_type": 6, "codename": "delete_user"}}, {"model": "auth.permission", "pk": 24, "fields": {"name": "Can view user", "content_type": 6, "codename": "view_user"}}, {"model": "auth.permission", "pk": 25, "fields": {"name": "Can add content type", "content_type": 7, "codename": "add_contenttype"}}, {"model": "auth.permission", "pk": 26, "fields": {"name": "Can change content type", "content_type": 7, "codename": "change_contenttype"}}, {"model": "auth.permission", "pk": 27, "fields": {"name": "Can delete content type", "content_type": 7, "codename": "delete_contenttype"}}, {"model": "auth.permission", "pk": 28, "fields": {"name": "Can view content type", "content_type": 7, "codename": "view_contenttype"}}, {"model": "auth.permission", "pk": 29, "fields": {"name": "Can add session", "content_type": 8, "codename": "add_session"}}, {"model": "auth.permission", "pk": 30, "fields": {"name": "Can change session", "content_type": 8, "codename": "change_session"}}, {"model": "auth.permission", "pk": 31, "fields": {"name": "Can delete session", "content_type": 8, "codename": "delete_session"}}, {"model": "auth.permission", "pk": 32, "fields": {"name": "Can view session", "content_type": 8, "codename": "view_session"}}, {"model": "auth.permission", "pk": 33, "fields": {"name": "Can add kv store", "content_type": 9, "codename": "add_kvstore"}}, {"model": "auth.permission", "pk": 34, "fields": {"name": "Can change kv store", "content_type": 9, "codename": "change_kvstore"}}, {"model": "auth.permission", "pk": 35, "fields": {"name": "Can delete kv store", "content_type": 9, "codename": "delete_kvstore"}}, {"model": "auth.permission", "pk": 36, "fields": {"name": "Can view kv store", "content_type": 9, "codename": "view_kvstore"}}, {"model": "auth.permission", "pk": 37, "fields": {"name": "Can add ingredient", "content_type": 10, "codename": "add_ingredient"}}, {"model": "auth.permission", "pk": 38, "fields": {"name": "Can change ingredient", "content_type": 10, "codename": "change_ingredient"}}, {"model": "auth.permission", "pk": 39, "fields": {"name": "Can delete ingredient", "content_type": 10, "codename": "delete_ingredient"}}, {"model": "auth.permission", "pk": 40, "fields": {"name": "Can view ingredient", "content_type": 10, "codename": "view_ingredient"}}, {"model": "auth.permission", "pk": 41, "fields": {"name": "Can add recipe", "content_type": 11, "codename": "add_recipe"}}, {"model": "auth.permission", "pk": 42, "fields": {"name": "Can change recipe", "content_type": 11, "codename": "change_recipe"}}, {"model": "auth.permission", "pk": 43, "fields": {"name": "Can delete recipe", "content_type": 11, "codename": "delete_recipe"}}, {"model": "auth.permission", "pk": 44, "fields": {"name": "Can view recipe", "content_type": 11, "codename": "view_recipe"}}, {"model": "auth.permission", "pk": 45, "fields": {"name": "Can add tag", "content_type": 12, "codename": "add_tag"}}, {"model": "auth.permission", "pk": 46, "fields": {"name": "Can change tag", "content_type": 12, "codename": "change_tag"}}, {"model": "auth.permission", "pk": 47, "fields": {"name": "Can delete tag", "content_type": 12, "codename": "delete_tag"}}, {"model": "auth.permission", "pk": 48, "fields": {"name": "Can view tag", "content_type": 12, "codename": "view_tag"}}, {"model": "auth.permission", "pk": 49, "fields": {"name": "Can add recipe ingredient", "content_type": 13, "codename": "add_recipeingredient"}}, {"model": "auth.permission", "pk": 50, "fields": {"name": "Can change recipe ingredient", "content_type": 13, "codename": "change_recipeingredient"}}, {"model": "auth.permission", "pk": 51, "fields": {"name": "Can delete recipe ingredient", "content_type": 13, "codename": "delete_recipeingredient"}}, {"model": "auth.permission", "pk": 52, "fields": {"name": "Can view recipe ingredient", "content_type": 13, "codename": "view_recipeingredient"}}, {"model": "auth.permission", "pk": 53, "fields": {"name": "Can add follow", "content_type": 14, "codename": "add_follow"}}, {"model": "auth.permission", "pk": 54, "fields": {"name": "Can change follow", "content_type": 14, "codename": "change_follow"}}, {"model": "auth.permission", "pk": 55, "fields": {"name": "Can delete follow", "content_type": 14, "codename": "delete_follow"}}, {"model": "auth.permission", "pk": 56, "fields": {"name": "Can view follow", "content_type": 14, "codename": "view_follow"}}, {"model": "auth.permission", "pk": 57, "fields": {"name": "Can add favorite", "content_type": 15, "codename": "add_favorite"}}, {"model": "auth.permission", "pk": 58, "fields": {"name": "Can change favorite", "content_type": 15, "codename": "change_favorite"}}, {"model": "auth.permission", "pk": 59, "fields": {"name": "Can delete favorite", "content_type": 15, "codename": "delete_favorite"}}, {"model": "auth.permission", "pk": 60, "fields": {"name": "Can view favorite", "content_type": 15, "codename": "view_favorite"}}, {"model": "auth.permission", "pk": 61, "fields": {"name": "Can add shopping list", "content_type": 16, "codename": "add_shoppinglist"}}, {"model": "auth.permission", "pk": 62, "fields": {"name": "Can change shopping list", "content_type": 16, "codename": "change_shoppinglist"}}, {"model": "auth.permission", "pk": 63, "fields": {"name": "Can delete shopping list", "content_type": 16, "codename": "delete_shoppinglist"}}, {"model": "auth.permission", "pk": 64, "fields": {"name": "Can view shopping list", "content_type": 16, "codename": "view_shoppinglist"}}, {"model": "auth.user", "pk": 1, "fields": {"password": "pbkdf2_sha256$216000$wczeDjJYZefs$4E1QK2yzIDo3aFN00hD66pxPvJq/tniqde95loTWg0s=", "last_login": "2021-01-23T16:11:47.594Z", "is_superuser": true, "username": "kudinov", "first_name": "Михаил", "last_name": "Кудинов", "email": "kudinov.mos@gmail.com", "is_staff": true, "is_active": true, "date_joined": "2020-12-28T15:32:45Z", "groups": [], "user_permissions": []}}, {"model": "auth.user", "pk": 2, "fields": {"password": "pbkdf2_sha256$216000$KhzL1VBLg1NX$qos3LoZ6oFXWegw8kapi89IQoOic2AtYp64llBgbjds=", "last_login": "2021-01-23T16:51:37.818Z", "is_superuser": false, "username": "nastya", "first_name": "Анастасия", "last_name": "Коновалова", "email": "nastya@gmail.com", "is_staff": false, "is_active": true, "date_joined": "2020-12-28T18:19:10.681Z", "groups": [], "user_permissions": []}}, {"model": "auth.user", "pk": 3, "fields": {"password": "pbkdf2_sha256$216000$qjN8Zi2Ou9Mi$G1dchfhKWw7edO0UQVSngwp9Ec3ikAsbfT0OyIBJaVU=", "last_login": "2021-01-20T16:45:40.535Z", "is_superuser": false, "username": "pavel", "first_name": "Павел", "last_name": "Греков", "email": "grecov@gmail.com", "is_staff": false, "is_active": true, "date_joined": "2020-12-29T19:13:07.175Z", "groups": [], "user_permissions": []}}, {"model": "auth.user", "pk": 4, "fields": {"password": "pbkdf2_sha256$216000$rH1UaE5hRg6L$b/++BzMB0NeNC49IRAaYSmqCY3dni2hppw0HDo36YEQ=", "last_login": "2021-01-16T18:06:19.430Z", "is_superuser": false, "username": "ivan", "first_name": "Иван", "last_name": "Петров", "email": "ivan@gmail.com", "is_staff": false, "is_active": true, "date_joined": "2021-01-07T14:06:24.238Z", "groups": [], "user_permissions": []}}, {"model": "contenttypes.contenttype", "pk": 1, "fields": {"app_label": "sites", "model": "site"}}, {"model": "contenttypes.contenttype", "pk": 2, "fields": {"app_label": "flatpages", "model": "flatpage"}}, {"model": "contenttypes.contenttype", "pk": 3, "fields": {"app_label": "admin", "model": "logentry"}}, {"model": "contenttypes.contenttype", "pk": 4, "fields": {"app_label": "auth", "model": "permission"}}, {"model": "contenttypes.contenttype", "pk": 5, "fields": {"app_label": "auth", "model": "group"}}, {"model": "contenttypes.contenttype", "pk": 6, "fields": {"app_label": "auth", "model": "user"}}, {"model": "contenttypes.contenttype", "pk": 7, "fields": {"app_label": "contenttypes", "model": "contenttype"}}, {"model": "contenttypes.contenttype", "pk": 8, "fields": {"app_label": "sessions", "model": "session"}}, {"model": "contenttypes.contenttype", "pk": 9, "fields": {"app_label": "thumbnail", "model": "kvstore"}}, {"model": "contenttypes.contenttype", "pk": 10, "fields": {"app_label": "recipes", "model": "ingredient"}}, {"model": "contenttypes.contenttype", "pk": 11, "fields": {"app_label": "recipes", "model": "recipe"}}, {"model": "contenttypes.contenttype", "pk": 12, "fields": {"app_label": "recipes", "model": "tag"}}, {"model": "contenttypes.contenttype", "pk": 13, "fields": {"app_label": "recipes", "model": "recipeingredient"}}, {"model": "contenttypes.contenttype", "pk": 14, "fields": {"app_label": "recipes", "model": "follow"}}, {"model": "contenttypes.contenttype", "pk": 15, "fields": {"app_label": "recipes", "model": "favorite"}}, {"model": "contenttypes.contenttype", "pk": 16, "fields": {"app_label": "recipes", "model": "shoppinglist"}}, {"model": "sessions.session", "pk": "0of01xxv4vbtmlic3p8xtbwmzgunee4z", "fields": {"session_data": ".eJxVjEEOwiAQRe_C2hCgBQaX7j0DGZhBqoYmpV0Z765NutDtf-_9l4i4rTVunZc4kTgLI06_W8L84LYDumO7zTLPbV2mJHdFHrTL60z8vBzu30HFXr91YUvBKFLeIrBOI2c1MDhH5Iu3EHJAF7T1SZWiB6MhgAI25NC4MrJ4fwDovTfA:1l3M8P:C1-_BRCIIvnTScmmkB5obZ33q63aq7x8vUiSdd_jKak", "expire_date": "2021-02-06T16:51:37.819Z"}}, {"model": "sessions.session", "pk": "dpdr88rgv4osxcuamgummbnh82r7wwui", "fields": {"session_data": ".eJxVjDsOwjAQBe_iGln-xR9K-pzB8tq7OIAcKU4qxN1JpBTQvpl5bxbTtta4dVziVNiVSXb53SDlJ7YDlEdq95nnua3LBPxQ-Ek7H-eCr9vp_h3U1Oteg4OQQBFoJywaUTBphRaVlD7IMBgCDxnJkQUadNCEAiyhJBN237PPFwAMOKY:1l2Gva:Lg8Yo_5TYpc7-u0mNuLr_fbvKwt-tO--m5wQkCR4AhA", "expire_date": "2021-02-03T17:05:54.965Z"}}, {"model": "sessions.session", "pk": "glj7ge08cej2blrefi7hfv321to6gzzk", "fields": {"session_data": ".eJxVjMsOwiAQRf-FtSFAebp07zcQmBmkaiAp7cr479qkC93ec859sZi2tcZt0BJnZGcm2el3ywke1HaA99RunUNv6zJnviv8oINfO9Lzcrh_BzWN-q2BSimhWEvFEnrp9UQ6mUxCKmGDmZwKkECAIkAZAI11zmcsOgg0k2fvDwy7OH0:1l1upK:bm_JkipWjpcuXtXSTnPnztpXyPaKGLTq6i_1ketlqk0", "expire_date": "2021-02-02T17:29:58.685Z"}}, {"model": "sessions.session", "pk": "j1gtiz4sjdd5m5fsi4yldb7tdrvudvyh", "fields": {"session_data": ".eJxVjDsOwjAUBO_iGln-xg4lPWew9uXZJIBiKU4qxN0hUgpod2b2JRK2dUxby0uaWJyFFaffjTA88rwDvmO-VTnUeV0mkrsiD9rktXJ-Xg7372BEG7910caDWUfrCNCd0jkCPcM4BN31MIVIh-KL6pWzAdFzpC4b8sFkVuL9AfBYOBw:1l2Gc0:TID0Z7X8SZhuQ6eC-7QV2lQBWdJyW2Ve01g_zR9oU6k", "expire_date": "2021-02-03T16:45:40.537Z"}}, {"model": "sessions.session", "pk": "k0dbridg5gqacafkkqpe8uughjer3u05", "fields": {"session_data": ".eJxVjDsOwjAQBe_iGln-xR9K-pzB8tq7OIAcKU4qxN1JpBTQvpl5bxbTtta4dVziVNiVSXb53SDlJ7YDlEdq95nnua3LBPxQ-Ek7H-eCr9vp_h3U1Oteg4OQQBFoJywaUTBphRaVlD7IMBgCDxnJkQUadNCEAiyhJBN237PPFwAMOKY:1l2cyF:nrIbRmxK4UAHvxK4eP4BGYa3EPW7No1peYMZ2MCvMWM", "expire_date": "2021-02-04T16:38:07.280Z"}}]